store_id,transaction_id,timestamp,basket_value_inr
STORE_BLR_002,TXN_SIM_d29832_00001,2026-05-30T04:36:52Z,1085.5
STORE_BLR_002,TXN_SIM_d29832_00002,2026-05-30T04:52:59Z,3472.6
STORE_BLR_002,TXN_SIM_d29832_00003,2026-05-30T05:04:48Z,4593.14
STORE_BLR_002,TXN_SIM_d29832_00004,2026-05-30T05:09:11Z,1388.05
STORE_BLR_002,TXN_SIM_d29832_00005,2026-05-30T05:15:25Z,3013.37
STORE_BLR_002,TXN_SIM_d29832_00006,2026-05-30T05:27:58Z,4567.54
STORE_BLR_002,TXN_SIM_d29832_00007,2026-05-30T05:37:12Z,1510.65
STORE_BLR_002,TXN_SIM_d29832_00008,2026-05-30T05:40:39Z,4968.95
STORE_BLR_002,TXN_SIM_d29832_00009,2026-05-30T06:12:14Z,705.99
STORE_BLR_002,TXN_SIM_d29832_00010,2026-05-30T06:29:48Z,1956.06
STORE_BLR_002,TXN_SIM_d29832_00011,2026-05-30T06:35:50Z,3275.76
STORE_BLR_002,TXN_SIM_d29832_00012,2026-05-30T06:40:05Z,4693.16
STORE_BLR_002,TXN_SIM_d29832_00013,2026-05-30T06:43:12Z,938.8
STORE_BLR_002,TXN_SIM_d29832_00014,2026-05-30T06:54:05Z,2531.98
STORE_BLR_002,TXN_SIM_d29832_00015,2026-05-30T07:05:42Z,3787.73
STORE_BLR_002,TXN_SIM_f9eaac_00001,2026-05-30T04:32:30Z,4528.57
STORE_BLR_002,TXN_SIM_f9eaac_00002,2026-05-30T04:58:37Z,3998.21
STORE_BLR_002,TXN_SIM_f9eaac_00003,2026-05-30T05:30:29Z,912.17
STORE_BLR_002,TXN_SIM_f9eaac_00004,2026-05-30T05:41:27Z,4803.94
STORE_BLR_002,TXN_SIM_f9eaac_00005,2026-05-30T05:55:23Z,3975.23
STORE_BLR_002,TXN_SIM_f9eaac_00006,2026-05-30T06:00:10Z,2024.53
STORE_BLR_002,TXN_SIM_f9eaac_00007,2026-05-30T06:16:04Z,2465.34
STORE_BLR_002,TXN_SIM_f9eaac_00008,2026-05-30T06:17:00Z,3566.15
STORE_BLR_002,TXN_SIM_f9eaac_00009,2026-05-30T06:50:51Z,2401.0
STORE_BLR_002,TXN_SIM_f9eaac_00010,2026-05-30T07:00:43Z,3288.54
STORE_BLR_002,TXN_SIM_45a13f_00001,2026-05-30T04:51:04Z,488.59
STORE_BLR_002,TXN_SIM_45a13f_00002,2026-05-30T05:04:31Z,1848.66
STORE_BLR_002,TXN_SIM_45a13f_00003,2026-05-30T05:09:15Z,1634.32
STORE_BLR_002,TXN_SIM_45a13f_00004,2026-05-30T05:13:37Z,4310.85
STORE_BLR_002,TXN_SIM_45a13f_00005,2026-05-30T05:22:41Z,421.92
STORE_BLR_002,TXN_SIM_45a13f_00006,2026-05-30T05:26:29Z,4037.62
STORE_BLR_002,TXN_SIM_45a13f_00007,2026-05-30T05:35:07Z,1884.6
STORE_BLR_002,TXN_SIM_45a13f_00008,2026-05-30T05:38:51Z,4735.03
STORE_BLR_002,TXN_SIM_45a13f_00009,2026-05-30T05:56:31Z,3751.38
STORE_BLR_002,TXN_SIM_45a13f_00010,2026-05-30T06:04:24Z,876.53
STORE_BLR_002,TXN_SIM_45a13f_00011,2026-05-30T06:09:18Z,4522.02
STORE_BLR_002,TXN_SIM_45a13f_00012,2026-05-30T06:16:35Z,2513.24
STORE_BLR_002,TXN_SIM_45a13f_00013,2026-05-30T06:39:57Z,2822.1
STORE_BLR_002,TXN_SIM_45a13f_00014,2026-05-30T06:48:07Z,383.62
STORE_BLR_002,TXN_SIM_45a13f_00015,2026-05-30T06:52:15Z,1103.89
STORE_BLR_002,TXN_SIM_45a13f_00016,2026-05-30T07:01:30Z,3770.95
STORE_BLR_002,TXN_SIM_6ad761_00001,2026-05-30T04:49:11Z,3652.79
STORE_BLR_002,TXN_SIM_6ad761_00002,2026-05-30T04:50:53Z,1071.69
STORE_BLR_002,TXN_SIM_6ad761_00003,2026-05-30T05:17:05Z,3768.67
STORE_BLR_002,TXN_SIM_6ad761_00004,2026-05-30T05:19:47Z,2714.6
STORE_BLR_002,TXN_SIM_6ad761_00005,2026-05-30T05:26:30Z,1173.01
STORE_BLR_002,TXN_SIM_6ad761_00006,2026-05-30T05:50:59Z,3055.45
STORE_BLR_002,TXN_SIM_6ad761_00007,2026-05-30T05:56:44Z,1817.12
STORE_BLR_002,TXN_SIM_6ad761_00008,2026-05-30T05:59:20Z,1039.25
STORE_BLR_002,TXN_SIM_6ad761_00009,2026-05-30T06:05:51Z,4728.77
STORE_BLR_002,TXN_SIM_6ad761_00010,2026-05-30T06:14:35Z,4081.12
STORE_BLR_002,TXN_SIM_6ad761_00011,2026-05-30T06:24:09Z,4591.98
STORE_BLR_002,TXN_SIM_6ad761_00012,2026-05-30T06:31:43Z,2618.65
STORE_BLR_002,TXN_SIM_6ad761_00013,2026-05-30T06:35:38Z,3523.22
STORE_BLR_002,TXN_SIM_6ad761_00014,2026-05-30T06:59:14Z,4750.72
STORE_BLR_002,TXN_SIM_6ad761_00015,2026-05-30T07:02:05Z,2619.56
STORE_BLR_002,TXN_SIM_6ad761_00016,2026-05-30T07:07:08Z,453.6
STORE_BLR_002,TXN_SIM_6ad761_00017,2026-05-30T07:12:11Z,2564.35
STORE_BLR_002,TXN_SIM_54fbd6_00001,2026-05-30T04:38:07Z,2141.06
STORE_BLR_002,TXN_SIM_54fbd6_00002,2026-05-30T04:53:07Z,3574.13
STORE_BLR_002,TXN_SIM_54fbd6_00003,2026-05-30T05:06:29Z,4289.78
STORE_BLR_002,TXN_SIM_54fbd6_00004,2026-05-30T05:12:15Z,2320.87
STORE_BLR_002,TXN_SIM_54fbd6_00005,2026-05-30T05:17:48Z,510.74
STORE_BLR_002,TXN_SIM_54fbd6_00006,2026-05-30T05:42:41Z,3656.99
STORE_BLR_002,TXN_SIM_54fbd6_00007,2026-05-30T05:49:24Z,3047.11
STORE_BLR_002,TXN_SIM_54fbd6_00008,2026-05-30T05:57:19Z,2240.23
STORE_BLR_002,TXN_SIM_54fbd6_00009,2026-05-30T06:15:51Z,1899.51
STORE_BLR_002,TXN_SIM_54fbd6_00010,2026-05-30T06:16:21Z,4025.13
STORE_BLR_002,TXN_SIM_54fbd6_00011,2026-05-30T06:34:54Z,4611.41
STORE_BLR_002,TXN_SIM_54fbd6_00012,2026-05-30T06:38:08Z,1899.49
STORE_BLR_002,TXN_SIM_54fbd6_00013,2026-05-30T06:44:30Z,4558.25
STORE_BLR_002,TXN_SIM_54fbd6_00014,2026-05-30T06:56:21Z,3201.37
STORE_BLR_002,TXN_SIM_54fbd6_00015,2026-05-30T07:01:32Z,844.56
STORE_BLR_002,TXN_SIM_d8ac29_00001,2026-05-30T04:36:14Z,1027.05
STORE_BLR_002,TXN_SIM_d8ac29_00002,2026-05-30T04:43:29Z,2153.0
STORE_BLR_002,TXN_SIM_d8ac29_00003,2026-05-30T04:55:33Z,3972.69
STORE_BLR_002,TXN_SIM_d8ac29_00004,2026-05-30T05:16:38Z,4656.49
STORE_BLR_002,TXN_SIM_d8ac29_00005,2026-05-30T05:20:57Z,1009.2
STORE_BLR_002,TXN_SIM_d8ac29_00006,2026-05-30T05:31:04Z,2209.69
STORE_BLR_002,TXN_SIM_d8ac29_00007,2026-05-30T05:33:35Z,1446.34
STORE_BLR_002,TXN_SIM_d8ac29_00008,2026-05-30T05:43:26Z,2129.0
STORE_BLR_002,TXN_SIM_d8ac29_00009,2026-05-30T05:45:01Z,2500.97
STORE_BLR_002,TXN_SIM_d8ac29_00010,2026-05-30T05:47:27Z,1087.3
STORE_BLR_002,TXN_SIM_d8ac29_00011,2026-05-30T05:51:57Z,836.01
STORE_BLR_002,TXN_SIM_d8ac29_00012,2026-05-30T05:56:49Z,3438.03
STORE_BLR_002,TXN_SIM_d8ac29_00013,2026-05-30T06:02:43Z,388.2
STORE_BLR_002,TXN_SIM_d8ac29_00014,2026-05-30T06:07:16Z,1895.34
STORE_BLR_002,TXN_SIM_d8ac29_00015,2026-05-30T06:24:16Z,602.44
STORE_BLR_002,TXN_SIM_d8ac29_00016,2026-05-30T06:30:53Z,4463.07
STORE_BLR_002,TXN_SIM_d8ac29_00017,2026-05-30T06:43:18Z,1279.81
STORE_BLR_002,TXN_SIM_d8ac29_00018,2026-05-30T06:57:55Z,3559.7
STORE_BLR_002,TXN_SIM_d8ac29_00019,2026-05-30T07:06:10Z,2394.58
STORE_BLR_002,TXN_SIM_7cafd5_00001,2026-05-30T04:38:23Z,2144.82
STORE_BLR_002,TXN_SIM_7cafd5_00002,2026-05-30T04:42:32Z,2537.92
STORE_BLR_002,TXN_SIM_7cafd5_00003,2026-05-30T05:19:48Z,4429.37
STORE_BLR_002,TXN_SIM_7cafd5_00004,2026-05-30T05:45:20Z,936.41
STORE_BLR_002,TXN_SIM_7cafd5_00005,2026-05-30T06:16:30Z,576.23
STORE_BLR_002,TXN_SIM_7cafd5_00006,2026-05-30T06:24:03Z,329.94
STORE_BLR_002,TXN_SIM_7cafd5_00007,2026-05-30T06:33:31Z,4465.32
STORE_BLR_002,TXN_SIM_7cafd5_00008,2026-05-30T06:52:26Z,3695.01
STORE_BLR_002,TXN_SIM_168018_00001,2026-05-30T04:38:00Z,3178.61
STORE_BLR_002,TXN_SIM_168018_00002,2026-05-30T04:44:54Z,2994.64
STORE_BLR_002,TXN_SIM_168018_00003,2026-05-30T04:51:04Z,1985.41
STORE_BLR_002,TXN_SIM_168018_00004,2026-05-30T05:08:40Z,554.02
STORE_BLR_002,TXN_SIM_168018_00005,2026-05-30T05:20:29Z,2715.14
STORE_BLR_002,TXN_SIM_168018_00006,2026-05-30T05:51:11Z,4343.54
STORE_BLR_002,TXN_SIM_168018_00007,2026-05-30T05:53:41Z,781.86
STORE_BLR_002,TXN_SIM_168018_00008,2026-05-30T05:57:01Z,3510.41
STORE_BLR_002,TXN_SIM_168018_00009,2026-05-30T06:01:43Z,1550.6
STORE_BLR_002,TXN_SIM_168018_00010,2026-05-30T06:14:22Z,2514.75
STORE_BLR_002,TXN_SIM_168018_00011,2026-05-30T06:19:13Z,1603.07
STORE_BLR_002,TXN_SIM_168018_00012,2026-05-30T06:31:32Z,927.88
STORE_BLR_002,TXN_SIM_168018_00013,2026-05-30T06:46:45Z,3001.44
STORE_BLR_002,TXN_SIM_168018_00014,2026-05-30T07:00:26Z,499.86
STORE_BLR_002,TXN_SIM_168018_00015,2026-05-30T07:08:21Z,3582.1
STORE_BLR_002,TXN_SIM_168018_00016,2026-05-30T07:18:47Z,4198.96
STORE_BLR_002,TXN_SIM_dc37ed_00001,2026-05-30T05:06:01Z,2043.4
STORE_BLR_002,TXN_SIM_dc37ed_00002,2026-05-30T05:16:11Z,2901.12
STORE_BLR_002,TXN_SIM_dc37ed_00003,2026-05-30T05:22:57Z,541.15
STORE_BLR_002,TXN_SIM_dc37ed_00004,2026-05-30T05:46:47Z,4120.61
STORE_BLR_002,TXN_SIM_dc37ed_00005,2026-05-30T06:04:25Z,1837.3
STORE_BLR_002,TXN_SIM_dc37ed_00006,2026-05-30T06:16:01Z,2474.46
STORE_BLR_002,TXN_SIM_dc37ed_00007,2026-05-30T06:23:17Z,3771.0
STORE_BLR_002,TXN_SIM_dc37ed_00008,2026-05-30T06:36:15Z,2640.43
STORE_BLR_002,TXN_SIM_dc37ed_00009,2026-05-30T06:41:07Z,3490.02
STORE_BLR_002,TXN_SIM_dc37ed_00010,2026-05-30T06:50:10Z,2899.2
STORE_BLR_002,TXN_SIM_dc37ed_00011,2026-05-30T06:56:49Z,630.0
STORE_BLR_002,TXN_SIM_2fc8f4_00001,2026-05-30T04:38:27Z,1607.81
STORE_BLR_002,TXN_SIM_2fc8f4_00002,2026-05-30T04:40:30Z,2567.85
STORE_BLR_002,TXN_SIM_2fc8f4_00003,2026-05-30T04:46:52Z,3696.78
STORE_BLR_002,TXN_SIM_2fc8f4_00004,2026-05-30T04:53:54Z,1408.92
STORE_BLR_002,TXN_SIM_2fc8f4_00005,2026-05-30T04:58:51Z,2099.2
STORE_BLR_002,TXN_SIM_2fc8f4_00006,2026-05-30T05:03:39Z,3729.03
STORE_BLR_002,TXN_SIM_2fc8f4_00007,2026-05-30T05:23:14Z,1780.59
STORE_BLR_002,TXN_SIM_2fc8f4_00008,2026-05-30T05:23:24Z,3668.7
STORE_BLR_002,TXN_SIM_2fc8f4_00009,2026-05-30T05:27:43Z,2923.34
STORE_BLR_002,TXN_SIM_2fc8f4_00010,2026-05-30T05:37:30Z,611.59
STORE_BLR_002,TXN_SIM_2fc8f4_00011,2026-05-30T05:42:46Z,3637.38
STORE_BLR_002,TXN_SIM_2fc8f4_00012,2026-05-30T05:50:59Z,3766.75
STORE_BLR_002,TXN_SIM_2fc8f4_00013,2026-05-30T05:52:18Z,2014.78
STORE_BLR_002,TXN_SIM_2fc8f4_00014,2026-05-30T06:19:54Z,3056.1
STORE_BLR_002,TXN_SIM_2fc8f4_00015,2026-05-30T06:37:19Z,1337.15
STORE_BLR_002,TXN_SIM_2fc8f4_00016,2026-05-30T06:43:44Z,954.69
STORE_BLR_002,TXN_SIM_2e7fee_00001,2026-05-30T04:50:58Z,815.74
STORE_BLR_002,TXN_SIM_2e7fee_00002,2026-05-30T04:52:13Z,1447.62
STORE_BLR_002,TXN_SIM_2e7fee_00003,2026-05-30T05:06:12Z,4681.67
STORE_BLR_002,TXN_SIM_2e7fee_00004,2026-05-30T05:09:46Z,602.52
STORE_BLR_002,TXN_SIM_2e7fee_00005,2026-05-30T05:13:16Z,536.23
STORE_BLR_002,TXN_SIM_2e7fee_00006,2026-05-30T05:20:47Z,2608.9
STORE_BLR_002,TXN_SIM_2e7fee_00007,2026-05-30T05:37:25Z,850.62
STORE_BLR_002,TXN_SIM_2e7fee_00008,2026-05-30T05:52:43Z,4429.78
STORE_BLR_002,TXN_SIM_2e7fee_00009,2026-05-30T06:07:23Z,262.3
STORE_BLR_002,TXN_SIM_2e7fee_00010,2026-05-30T06:23:36Z,1150.77
STORE_BLR_002,TXN_SIM_2e7fee_00011,2026-05-30T06:28:46Z,4245.74
STORE_BLR_002,TXN_SIM_2e7fee_00012,2026-05-30T06:31:09Z,856.28
STORE_BLR_002,TXN_SIM_2e7fee_00013,2026-05-30T06:39:08Z,2129.56
STORE_BLR_002,TXN_SIM_2e7fee_00014,2026-05-30T06:47:03Z,3679.58
STORE_BLR_002,TXN_SIM_2e7fee_00015,2026-05-30T07:12:43Z,4176.4
STORE_BLR_002,TXN_SIM_2e7fee_00016,2026-05-30T07:18:17Z,3783.7
STORE_BLR_002,TXN_SIM_d23cac_00001,2026-05-30T05:02:36Z,1664.84
STORE_BLR_002,TXN_SIM_d23cac_00002,2026-05-30T05:07:47Z,2371.29
STORE_BLR_002,TXN_SIM_d23cac_00003,2026-05-30T05:14:39Z,3307.34
STORE_BLR_002,TXN_SIM_d23cac_00004,2026-05-30T05:21:58Z,2926.81
STORE_BLR_002,TXN_SIM_d23cac_00005,2026-05-30T05:31:21Z,3518.46
STORE_BLR_002,TXN_SIM_d23cac_00006,2026-05-30T05:49:01Z,3015.71
STORE_BLR_002,TXN_SIM_d23cac_00007,2026-05-30T06:03:49Z,352.3
STORE_BLR_002,TXN_SIM_d23cac_00008,2026-05-30T06:19:48Z,3972.82
STORE_BLR_002,TXN_SIM_d23cac_00009,2026-05-30T06:23:04Z,1269.59
STORE_BLR_002,TXN_SIM_d23cac_00010,2026-05-30T06:26:50Z,2223.95
STORE_BLR_002,TXN_SIM_d23cac_00011,2026-05-30T06:32:47Z,1843.67
STORE_BLR_002,TXN_SIM_d23cac_00012,2026-05-30T06:42:30Z,3327.63
STORE_BLR_002,TXN_SIM_d23cac_00013,2026-05-30T06:47:28Z,2157.48
STORE_BLR_002,TXN_SIM_d23cac_00014,2026-05-30T06:56:57Z,504.53
STORE_BLR_002,TXN_SIM_d23cac_00015,2026-05-30T07:22:27Z,3614.38
STORE_BLR_002,TXN_SIM_d23cac_00016,2026-05-30T07:27:39Z,695.7
STORE_BLR_002,TXN_SIM_e5e04e_00001,2026-05-30T04:36:58Z,4875.43
STORE_BLR_002,TXN_SIM_e5e04e_00002,2026-05-30T04:39:27Z,4022.54
STORE_BLR_002,TXN_SIM_e5e04e_00003,2026-05-30T04:43:45Z,1729.4
STORE_BLR_002,TXN_SIM_e5e04e_00004,2026-05-30T04:50:11Z,4552.31
STORE_BLR_002,TXN_SIM_e5e04e_00005,2026-05-30T05:13:42Z,4907.63
STORE_BLR_002,TXN_SIM_e5e04e_00006,2026-05-30T05:22:46Z,1195.29
STORE_BLR_002,TXN_SIM_e5e04e_00007,2026-05-30T05:30:23Z,1612.39
STORE_BLR_002,TXN_SIM_e5e04e_00008,2026-05-30T05:37:13Z,824.91
STORE_BLR_002,TXN_SIM_e5e04e_00009,2026-05-30T05:45:06Z,559.18
STORE_BLR_002,TXN_SIM_e5e04e_00010,2026-05-30T06:05:39Z,1769.98
STORE_BLR_002,TXN_SIM_e5e04e_00011,2026-05-30T06:10:04Z,786.64
STORE_BLR_002,TXN_SIM_e5e04e_00012,2026-05-30T06:27:37Z,1020.34
STORE_BLR_002,TXN_SIM_e5e04e_00013,2026-05-30T06:36:25Z,3209.29
STORE_BLR_002,TXN_SIM_e5e04e_00014,2026-05-30T06:45:43Z,1309.46
STORE_BLR_002,TXN_SIM_e5e04e_00015,2026-05-30T06:56:06Z,4984.78
STORE_BLR_002,TXN_SIM_e5e04e_00016,2026-05-30T07:07:38Z,4808.78
STORE_BLR_002,TXN_SIM_548bf9_00001,2026-05-30T04:38:40Z,3525.65
STORE_BLR_002,TXN_SIM_548bf9_00002,2026-05-30T05:00:35Z,3015.36
STORE_BLR_002,TXN_SIM_548bf9_00003,2026-05-30T05:11:05Z,3336.5
STORE_BLR_002,TXN_SIM_548bf9_00004,2026-05-30T05:54:22Z,947.26
STORE_BLR_002,TXN_SIM_548bf9_00005,2026-05-30T06:03:09Z,424.11
STORE_BLR_002,TXN_SIM_548bf9_00006,2026-05-30T06:33:19Z,3076.28
STORE_BLR_002,TXN_SIM_548bf9_00007,2026-05-30T06:41:52Z,805.12
STORE_BLR_002,TXN_SIM_548bf9_00008,2026-05-30T06:46:36Z,4435.07
STORE_BLR_002,TXN_SIM_548bf9_00009,2026-05-30T06:54:54Z,456.09
STORE_BLR_002,TXN_SIM_548bf9_00010,2026-05-30T06:59:58Z,2597.81
STORE_BLR_002,TXN_SIM_548bf9_00011,2026-05-30T07:03:16Z,1446.06
STORE_BLR_002,TXN_SIM_4d96db_00001,2026-05-30T04:36:31Z,1535.3
STORE_BLR_002,TXN_SIM_4d96db_00002,2026-05-30T04:45:43Z,4102.01
STORE_BLR_002,TXN_SIM_4d96db_00003,2026-05-30T04:51:15Z,1070.56
STORE_BLR_002,TXN_SIM_4d96db_00004,2026-05-30T05:01:27Z,4902.27
STORE_BLR_002,TXN_SIM_4d96db_00005,2026-05-30T05:07:14Z,2082.74
STORE_BLR_002,TXN_SIM_4d96db_00006,2026-05-30T05:15:01Z,879.26
STORE_BLR_002,TXN_SIM_4d96db_00007,2026-05-30T05:32:13Z,1664.82
STORE_BLR_002,TXN_SIM_4d96db_00008,2026-05-30T05:37:13Z,2014.22
STORE_BLR_002,TXN_SIM_4d96db_00009,2026-05-30T05:46:16Z,2685.26
STORE_BLR_002,TXN_SIM_4d96db_00010,2026-05-30T05:52:27Z,773.13
STORE_BLR_002,TXN_SIM_4d96db_00011,2026-05-30T05:57:39Z,2841.19
STORE_BLR_002,TXN_SIM_4d96db_00012,2026-05-30T06:08:01Z,4149.44
STORE_BLR_002,TXN_SIM_4d96db_00013,2026-05-30T06:12:21Z,4550.1
STORE_BLR_002,TXN_SIM_4d96db_00014,2026-05-30T06:34:51Z,2468.82
STORE_BLR_002,TXN_SIM_4d96db_00015,2026-05-30T06:40:51Z,766.09
STORE_BLR_002,TXN_SIM_4d96db_00016,2026-05-30T06:47:47Z,3028.5
STORE_BLR_002,TXN_SIM_4d96db_00017,2026-05-30T06:59:52Z,4724.81
STORE_BLR_002,TXN_SIM_4d96db_00018,2026-05-30T07:01:23Z,4934.31
STORE_BLR_002,TXN_SIM_4d96db_00019,2026-05-30T07:17:18Z,2233.11
STORE_BLR_002,TXN_SIM_4a3031_00001,2026-05-30T04:41:41Z,936.0
STORE_BLR_002,TXN_SIM_4a3031_00002,2026-05-30T04:44:35Z,2576.98
STORE_BLR_002,TXN_SIM_4a3031_00003,2026-05-30T04:51:18Z,1281.22
STORE_BLR_002,TXN_SIM_4a3031_00004,2026-05-30T04:53:54Z,2204.27
STORE_BLR_002,TXN_SIM_4a3031_00005,2026-05-30T04:58:06Z,1650.5
STORE_BLR_002,TXN_SIM_4a3031_00006,2026-05-30T05:09:37Z,2340.0
STORE_BLR_002,TXN_SIM_4a3031_00007,2026-05-30T05:22:13Z,1589.93
STORE_BLR_002,TXN_SIM_4a3031_00008,2026-05-30T05:30:17Z,591.45
STORE_BLR_002,TXN_SIM_4a3031_00009,2026-05-30T05:34:07Z,1754.92
STORE_BLR_002,TXN_SIM_4a3031_00010,2026-05-30T05:39:20Z,4421.03
STORE_BLR_002,TXN_SIM_4a3031_00011,2026-05-30T06:09:14Z,4439.3
STORE_BLR_002,TXN_SIM_4a3031_00012,2026-05-30T06:20:49Z,4009.85
STORE_BLR_002,TXN_SIM_4a3031_00013,2026-05-30T06:39:04Z,3103.42
STORE_BLR_002,TXN_SIM_4a3031_00014,2026-05-30T06:50:03Z,2260.38
STORE_BLR_002,TXN_SIM_4a3031_00015,2026-05-30T06:57:36Z,4378.9
STORE_BLR_002,TXN_SIM_4a3031_00016,2026-05-30T07:03:15Z,3505.31
STORE_BLR_002,TXN_SIM_4a3031_00017,2026-05-30T07:16:06Z,810.52
STORE_BLR_002,TXN_SIM_a97707_00001,2026-05-30T04:40:46Z,1642.14
STORE_BLR_002,TXN_SIM_a97707_00002,2026-05-30T04:48:10Z,2659.53
STORE_BLR_002,TXN_SIM_a97707_00003,2026-05-30T04:54:14Z,2043.96
STORE_BLR_002,TXN_SIM_a97707_00004,2026-05-30T05:03:44Z,2765.49
STORE_BLR_002,TXN_SIM_a97707_00005,2026-05-30T05:08:51Z,4715.28
STORE_BLR_002,TXN_SIM_a97707_00006,2026-05-30T05:26:37Z,1160.41
STORE_BLR_002,TXN_SIM_a97707_00007,2026-05-30T05:37:17Z,4608.96
STORE_BLR_002,TXN_SIM_a97707_00008,2026-05-30T05:52:21Z,635.51
STORE_BLR_002,TXN_SIM_a97707_00009,2026-05-30T06:08:38Z,4147.32
STORE_BLR_002,TXN_SIM_a97707_00010,2026-05-30T06:17:50Z,4305.42
STORE_BLR_002,TXN_SIM_a97707_00011,2026-05-30T06:37:43Z,2389.44
STORE_BLR_002,TXN_SIM_a97707_00012,2026-05-30T06:44:27Z,1061.46
STORE_BLR_002,TXN_SIM_a97707_00013,2026-05-30T06:47:48Z,1638.22
STORE_BLR_002,TXN_SIM_a97707_00014,2026-05-30T07:15:35Z,1013.36
STORE_BLR_002,TXN_SIM_a97707_00015,2026-05-30T07:18:50Z,716.79
STORE_BLR_002,TXN_SIM_a97707_00016,2026-05-30T07:26:06Z,314.09
STORE_BLR_002,TXN_SIM_a10fbc_00001,2026-05-30T04:37:11Z,4180.21
STORE_BLR_002,TXN_SIM_a10fbc_00002,2026-05-30T04:47:44Z,1214.97
STORE_BLR_002,TXN_SIM_a10fbc_00003,2026-05-30T04:53:10Z,2452.73
STORE_BLR_002,TXN_SIM_a10fbc_00004,2026-05-30T04:58:21Z,2203.54
STORE_BLR_002,TXN_SIM_a10fbc_00005,2026-05-30T05:08:34Z,3043.23
STORE_BLR_002,TXN_SIM_a10fbc_00006,2026-05-30T05:14:07Z,3558.05
STORE_BLR_002,TXN_SIM_a10fbc_00007,2026-05-30T05:21:11Z,4044.16
STORE_BLR_002,TXN_SIM_a10fbc_00008,2026-05-30T05:26:37Z,3286.17
STORE_BLR_002,TXN_SIM_a10fbc_00009,2026-05-30T05:37:00Z,4034.76
STORE_BLR_002,TXN_SIM_a10fbc_00010,2026-05-30T05:37:32Z,1336.15
STORE_BLR_002,TXN_SIM_a10fbc_00011,2026-05-30T05:51:54Z,2786.43
STORE_BLR_002,TXN_SIM_a10fbc_00012,2026-05-30T05:59:42Z,1012.68
STORE_BLR_002,TXN_SIM_a10fbc_00013,2026-05-30T06:03:50Z,812.75
STORE_BLR_002,TXN_SIM_a10fbc_00014,2026-05-30T06:09:49Z,3355.4
STORE_BLR_002,TXN_SIM_a10fbc_00015,2026-05-30T06:12:56Z,1968.91
STORE_BLR_002,TXN_SIM_a10fbc_00016,2026-05-30T06:19:15Z,2043.14
STORE_BLR_002,TXN_SIM_a10fbc_00017,2026-05-30T06:23:47Z,2750.82
STORE_BLR_002,TXN_SIM_a10fbc_00018,2026-05-30T06:34:57Z,4942.65
STORE_BLR_002,TXN_SIM_a10fbc_00019,2026-05-30T06:42:04Z,3054.78
STORE_BLR_002,TXN_SIM_a10fbc_00020,2026-05-30T06:50:14Z,2740.56
STORE_BLR_002,TXN_SIM_a10fbc_00021,2026-05-30T06:53:15Z,3569.39
STORE_BLR_002,TXN_SIM_a10fbc_00022,2026-05-30T06:58:56Z,1497.99
STORE_BLR_002,TXN_SIM_364eff_00001,2026-05-30T04:58:56Z,962.65
STORE_BLR_002,TXN_SIM_364eff_00002,2026-05-30T05:08:33Z,1849.61
STORE_BLR_002,TXN_SIM_364eff_00003,2026-05-30T05:14:36Z,4573.93
STORE_BLR_002,TXN_SIM_364eff_00004,2026-05-30T05:20:20Z,2008.53
STORE_BLR_002,TXN_SIM_364eff_00005,2026-05-30T05:50:18Z,2349.6
STORE_BLR_002,TXN_SIM_364eff_00006,2026-05-30T05:56:24Z,1021.74
STORE_BLR_002,TXN_SIM_364eff_00007,2026-05-30T06:00:05Z,2520.03
STORE_BLR_002,TXN_SIM_364eff_00008,2026-05-30T06:15:10Z,4829.09
STORE_BLR_002,TXN_SIM_364eff_00009,2026-05-30T06:21:56Z,2990.65
STORE_BLR_002,TXN_SIM_364eff_00010,2026-05-30T06:33:24Z,3906.57
STORE_BLR_002,TXN_SIM_364eff_00011,2026-05-30T06:43:10Z,2578.85
STORE_BLR_002,TXN_SIM_364eff_00012,2026-05-30T06:50:54Z,3385.63
STORE_BLR_002,TXN_SIM_364eff_00013,2026-05-30T06:52:56Z,3307.65
STORE_BLR_002,TXN_SIM_364eff_00014,2026-05-30T07:06:58Z,4360.87
STORE_BLR_002,TXN_SIM_364eff_00015,2026-05-30T07:15:52Z,4287.57
STORE_BLR_002,TXN_SIM_9649ca_00001,2026-05-30T04:35:55Z,4303.09
STORE_BLR_002,TXN_SIM_9649ca_00002,2026-05-30T04:42:19Z,530.42
STORE_BLR_002,TXN_SIM_9649ca_00003,2026-05-30T04:53:10Z,1131.2
STORE_BLR_002,TXN_SIM_9649ca_00004,2026-05-30T05:13:50Z,506.06
STORE_BLR_002,TXN_SIM_9649ca_00005,2026-05-30T05:20:58Z,1994.03
STORE_BLR_002,TXN_SIM_9649ca_00006,2026-05-30T05:24:04Z,948.37
STORE_BLR_002,TXN_SIM_9649ca_00007,2026-05-30T05:38:52Z,1232.17
STORE_BLR_002,TXN_SIM_9649ca_00008,2026-05-30T06:07:02Z,390.1
STORE_BLR_002,TXN_SIM_9649ca_00009,2026-05-30T06:26:30Z,3523.18
STORE_BLR_002,TXN_SIM_9649ca_00010,2026-05-30T06:31:50Z,2902.11
STORE_BLR_002,TXN_SIM_9649ca_00011,2026-05-30T06:37:46Z,4451.32
STORE_BLR_002,TXN_SIM_9649ca_00012,2026-05-30T06:46:07Z,1748.8
STORE_BLR_002,TXN_SIM_9649ca_00013,2026-05-30T06:52:48Z,4020.04
STORE_BLR_002,TXN_SIM_9649ca_00014,2026-05-30T07:07:08Z,555.41
STORE_BLR_002,TXN_SIM_9649ca_00015,2026-05-30T07:10:09Z,2997.3
STORE_BLR_002,TXN_SIM_9649ca_00016,2026-05-30T07:21:28Z,424.92
STORE_BLR_002,TXN_SIM_9649ca_00017,2026-05-30T07:24:13Z,3639.66
STORE_BLR_002,TXN_SIM_9649ca_00018,2026-05-30T07:27:41Z,223.24
STORE_BLR_002,TXN_SIM_9649ca_00019,2026-05-30T07:31:20Z,1635.62
STORE_BLR_002,TXN_SIM_9649ca_00020,2026-05-30T07:36:16Z,4151.34
STORE_BLR_002,TXN_SIM_9649ca_00021,2026-05-30T08:05:09Z,2540.99
STORE_BLR_002,TXN_SIM_9649ca_00022,2026-05-30T08:08:28Z,4125.75
STORE_BLR_002,TXN_SIM_9649ca_00023,2026-05-30T08:13:29Z,2829.25
STORE_BLR_002,TXN_SIM_9649ca_00024,2026-05-30T08:34:40Z,3089.55
STORE_BLR_002,TXN_SIM_9649ca_00025,2026-05-30T08:46:40Z,1028.47
STORE_BLR_002,TXN_SIM_9649ca_00026,2026-05-30T08:50:11Z,2513.23
STORE_BLR_002,TXN_SIM_9649ca_00027,2026-05-30T08:53:41Z,1746.32
STORE_BLR_002,TXN_SIM_9649ca_00028,2026-05-30T09:01:22Z,3947.98
STORE_BLR_002,TXN_SIM_9649ca_00029,2026-05-30T09:07:35Z,2621.32
STORE_BLR_002,TXN_SIM_9649ca_00030,2026-05-30T09:15:32Z,4582.65
STORE_BLR_002,TXN_SIM_9649ca_00031,2026-05-30T09:50:19Z,452.07
STORE_BLR_002,TXN_SIM_9649ca_00032,2026-05-30T10:15:16Z,4303.93
STORE_BLR_002,TXN_SIM_9649ca_00033,2026-05-30T10:36:29Z,2015.56
STORE_BLR_002,TXN_SIM_9649ca_00034,2026-05-30T10:44:58Z,715.37
STORE_BLR_002,TXN_SIM_9649ca_00035,2026-05-30T10:54:54Z,1534.73
STORE_BLR_002,TXN_SIM_9649ca_00036,2026-05-30T11:01:00Z,1246.83
STORE_BLR_002,TXN_SIM_9649ca_00037,2026-05-30T11:07:15Z,1524.67
STORE_BLR_002,TXN_SIM_9649ca_00038,2026-05-30T11:13:02Z,1486.32
STORE_BLR_002,TXN_SIM_9649ca_00039,2026-05-30T11:23:39Z,513.95
STORE_BLR_002,TXN_SIM_9649ca_00040,2026-05-30T11:30:12Z,4707.94
STORE_BLR_002,TXN_SIM_9649ca_00041,2026-05-30T11:33:34Z,2992.13
STORE_BLR_002,TXN_SIM_9649ca_00042,2026-05-30T11:47:52Z,4446.34
STORE_BLR_002,TXN_SIM_9649ca_00043,2026-05-30T11:50:19Z,3679.36
STORE_BLR_002,TXN_SIM_9649ca_00044,2026-05-30T12:08:54Z,2314.82
STORE_BLR_002,TXN_SIM_9649ca_00045,2026-05-30T12:18:22Z,2514.24
STORE_BLR_002,TXN_SIM_9649ca_00046,2026-05-30T12:28:39Z,4135.82
STORE_BLR_002,TXN_SIM_9649ca_00047,2026-05-30T12:35:28Z,3001.63
STORE_BLR_002,TXN_SIM_9649ca_00048,2026-05-30T12:42:55Z,4638.15
STORE_BLR_002,TXN_SIM_9649ca_00049,2026-05-30T12:45:04Z,2682.51
STORE_BLR_002,TXN_SIM_9649ca_00050,2026-05-30T13:04:54Z,3323.23
STORE_BLR_002,TXN_SIM_9649ca_00051,2026-05-30T13:10:00Z,4515.58
STORE_BLR_002,TXN_SIM_9649ca_00052,2026-05-30T13:18:20Z,4488.93
STORE_BLR_002,TXN_SIM_71cfda_00001,2026-05-30T04:35:22Z,655.19
STORE_BLR_002,TXN_SIM_71cfda_00002,2026-05-30T04:42:20Z,4471.01
STORE_BLR_002,TXN_SIM_71cfda_00003,2026-05-30T04:50:41Z,2534.56
STORE_BLR_002,TXN_SIM_71cfda_00004,2026-05-30T04:53:21Z,3693.43
STORE_BLR_002,TXN_SIM_71cfda_00005,2026-05-30T05:02:09Z,4076.99
STORE_BLR_002,TXN_SIM_71cfda_00006,2026-05-30T05:04:06Z,3537.97
STORE_BLR_002,TXN_SIM_71cfda_00007,2026-05-30T05:09:04Z,924.99
STORE_BLR_002,TXN_SIM_71cfda_00008,2026-05-30T05:13:27Z,4605.15
STORE_BLR_002,TXN_SIM_71cfda_00009,2026-05-30T05:44:46Z,2458.66
STORE_BLR_002,TXN_SIM_71cfda_00010,2026-05-30T06:00:41Z,3102.66
STORE_BLR_002,TXN_SIM_71cfda_00011,2026-05-30T06:22:07Z,799.34
STORE_BLR_002,TXN_SIM_71cfda_00012,2026-05-30T06:27:22Z,769.86
STORE_BLR_002,TXN_SIM_71cfda_00013,2026-05-30T06:35:34Z,528.94
STORE_BLR_002,TXN_SIM_71cfda_00014,2026-05-30T06:37:21Z,4655.49
STORE_BLR_002,TXN_SIM_71cfda_00015,2026-05-30T06:47:20Z,1221.29
STORE_BLR_002,TXN_SIM_71cfda_00016,2026-05-30T06:53:13Z,1998.37
STORE_BLR_002,TXN_SIM_71cfda_00017,2026-05-30T06:57:46Z,1981.32
STORE_BLR_002,TXN_SIM_71cfda_00018,2026-05-30T07:04:55Z,4505.87
STORE_BLR_002,TXN_SIM_71cfda_00019,2026-05-30T07:07:15Z,2572.26
STORE_BLR_002,TXN_SIM_71cfda_00020,2026-05-30T07:19:35Z,2918.15
STORE_BLR_002,TXN_SIM_71cfda_00021,2026-05-30T07:33:10Z,625.92
STORE_BLR_002,TXN_SIM_71cfda_00022,2026-05-30T07:51:57Z,272.94
STORE_BLR_002,TXN_SIM_71cfda_00023,2026-05-30T07:59:11Z,440.59
STORE_BLR_002,TXN_SIM_71cfda_00024,2026-05-30T08:03:01Z,4976.28
STORE_BLR_002,TXN_SIM_71cfda_00025,2026-05-30T08:10:33Z,2628.2
STORE_BLR_002,TXN_SIM_71cfda_00026,2026-05-30T08:28:50Z,659.79
STORE_BLR_002,TXN_SIM_71cfda_00027,2026-05-30T08:40:38Z,638.39
STORE_BLR_002,TXN_SIM_71cfda_00028,2026-05-30T08:49:43Z,4507.47
STORE_BLR_002,TXN_SIM_71cfda_00029,2026-05-30T09:08:52Z,1552.87
STORE_BLR_002,TXN_SIM_71cfda_00030,2026-05-30T09:15:25Z,2512.96
STORE_BLR_002,TXN_SIM_71cfda_00031,2026-05-30T09:21:37Z,871.21
STORE_BLR_002,TXN_SIM_71cfda_00032,2026-05-30T09:42:25Z,2425.66
STORE_BLR_002,TXN_SIM_71cfda_00033,2026-05-30T09:51:11Z,2238.57
STORE_BLR_002,TXN_SIM_71cfda_00034,2026-05-30T10:01:57Z,4254.4
STORE_BLR_002,TXN_SIM_71cfda_00035,2026-05-30T10:07:03Z,2877.71
STORE_BLR_002,TXN_SIM_71cfda_00036,2026-05-30T10:13:18Z,1703.2
STORE_BLR_002,TXN_SIM_71cfda_00037,2026-05-30T10:20:28Z,2483.51
STORE_BLR_002,TXN_SIM_71cfda_00038,2026-05-30T10:30:37Z,911.72
STORE_BLR_002,TXN_SIM_71cfda_00039,2026-05-30T10:46:58Z,1892.81
STORE_BLR_002,TXN_SIM_71cfda_00040,2026-05-30T10:51:08Z,4260.72
STORE_BLR_002,TXN_SIM_71cfda_00041,2026-05-30T10:53:04Z,4649.63
STORE_BLR_002,TXN_SIM_71cfda_00042,2026-05-30T11:04:05Z,898.59
STORE_BLR_002,TXN_SIM_71cfda_00043,2026-05-30T11:09:20Z,279.23
STORE_BLR_002,TXN_SIM_71cfda_00044,2026-05-30T11:15:11Z,1589.33
STORE_BLR_002,TXN_SIM_71cfda_00045,2026-05-30T11:26:08Z,2426.83
STORE_BLR_002,TXN_SIM_71cfda_00046,2026-05-30T11:32:42Z,2518.3
STORE_BLR_002,TXN_SIM_71cfda_00047,2026-05-30T11:37:08Z,3613.95
STORE_BLR_002,TXN_SIM_71cfda_00048,2026-05-30T11:50:34Z,3186.78
STORE_BLR_002,TXN_SIM_71cfda_00049,2026-05-30T12:05:56Z,3340.24
STORE_BLR_002,TXN_SIM_71cfda_00050,2026-05-30T12:24:21Z,4624.86
STORE_BLR_002,TXN_SIM_71cfda_00051,2026-05-30T12:41:57Z,2941.13
STORE_BLR_002,TXN_SIM_71cfda_00052,2026-05-30T12:46:25Z,474.61
STORE_BLR_002,TXN_SIM_71cfda_00053,2026-05-30T12:56:07Z,424.64
STORE_BLR_002,TXN_SIM_71cfda_00054,2026-05-30T13:21:22Z,2497.03
STORE_BLR_002,TXN_SIM_71cfda_00055,2026-05-30T13:28:33Z,4322.42
STORE_BLR_002,TXN_SIM_71cfda_00056,2026-05-30T13:37:53Z,1081.84
STORE_BLR_002,TXN_SIM_71cfda_00057,2026-05-30T13:39:28Z,1337.14
STORE_BLR_002,TXN_SIM_71cfda_00058,2026-05-30T13:47:48Z,2853.28
STORE_BLR_002,TXN_SIM_71cfda_00059,2026-05-30T13:52:25Z,3469.39
STORE_BLR_002,TXN_SIM_d5eda9_00001,2026-05-30T04:36:53Z,4911.52
STORE_BLR_002,TXN_SIM_d5eda9_00002,2026-05-30T05:01:45Z,1799.15
STORE_BLR_002,TXN_SIM_d5eda9_00003,2026-05-30T05:09:09Z,3460.63
STORE_BLR_002,TXN_SIM_d5eda9_00004,2026-05-30T05:16:57Z,4017.43
STORE_BLR_002,TXN_SIM_d5eda9_00005,2026-05-30T05:17:35Z,3462.02
STORE_BLR_002,TXN_SIM_d5eda9_00006,2026-05-30T05:20:58Z,4765.16
STORE_BLR_002,TXN_SIM_d5eda9_00007,2026-05-30T05:27:49Z,547.91
STORE_BLR_002,TXN_SIM_d5eda9_00008,2026-05-30T05:29:42Z,4056.35
STORE_BLR_002,TXN_SIM_d5eda9_00009,2026-05-30T05:39:45Z,1566.6
STORE_BLR_002,TXN_SIM_d5eda9_00010,2026-05-30T05:59:30Z,1600.28
STORE_BLR_002,TXN_SIM_d5eda9_00011,2026-05-30T06:15:34Z,2428.78
STORE_BLR_002,TXN_SIM_d5eda9_00012,2026-05-30T06:19:21Z,3512.84
STORE_BLR_002,TXN_SIM_d5eda9_00013,2026-05-30T06:35:00Z,3370.25
STORE_BLR_002,TXN_SIM_d5eda9_00014,2026-05-30T06:38:30Z,1800.65
STORE_BLR_002,TXN_SIM_d5eda9_00015,2026-05-30T07:01:08Z,3873.07
STORE_BLR_002,TXN_SIM_d5eda9_00016,2026-05-30T07:04:59Z,1269.15
STORE_BLR_002,TXN_SIM_d5eda9_00017,2026-05-30T07:10:52Z,2150.83
STORE_BLR_002,TXN_SIM_d5eda9_00018,2026-05-30T07:20:57Z,3242.58
STORE_BLR_002,TXN_SIM_d5eda9_00019,2026-05-30T07:26:59Z,4431.61
STORE_BLR_002,TXN_SIM_d5eda9_00020,2026-05-30T07:35:16Z,399.95
STORE_BLR_002,TXN_SIM_d5eda9_00021,2026-05-30T07:40:40Z,3326.27
STORE_BLR_002,TXN_SIM_d5eda9_00022,2026-05-30T07:47:03Z,4017.6
STORE_BLR_002,TXN_SIM_d5eda9_00023,2026-05-30T08:10:05Z,223.99
STORE_BLR_002,TXN_SIM_d5eda9_00024,2026-05-30T08:17:12Z,1281.55
STORE_BLR_002,TXN_SIM_d5eda9_00025,2026-05-30T08:21:40Z,3738.97
STORE_BLR_002,TXN_SIM_d5eda9_00026,2026-05-30T08:27:14Z,4344.47
STORE_BLR_002,TXN_SIM_d5eda9_00027,2026-05-30T08:39:29Z,1719.16
STORE_BLR_002,TXN_SIM_d5eda9_00028,2026-05-30T08:47:45Z,3379.93
STORE_BLR_002,TXN_SIM_d5eda9_00029,2026-05-30T09:01:52Z,1589.21
STORE_BLR_002,TXN_SIM_d5eda9_00030,2026-05-30T09:26:20Z,1139.09
STORE_BLR_002,TXN_SIM_d5eda9_00031,2026-05-30T09:31:50Z,1194.55
STORE_BLR_002,TXN_SIM_d5eda9_00032,2026-05-30T09:43:46Z,4788.15
STORE_BLR_002,TXN_SIM_d5eda9_00033,2026-05-30T09:43:02Z,3737.51
STORE_BLR_002,TXN_SIM_d5eda9_00034,2026-05-30T10:00:33Z,1973.93
STORE_BLR_002,TXN_SIM_d5eda9_00035,2026-05-30T10:04:16Z,1322.36
STORE_BLR_002,TXN_SIM_d5eda9_00036,2026-05-30T10:19:18Z,4811.03
STORE_BLR_002,TXN_SIM_d5eda9_00037,2026-05-30T10:24:42Z,2587.57
STORE_BLR_002,TXN_SIM_d5eda9_00038,2026-05-30T10:27:15Z,1483.62
STORE_BLR_002,TXN_SIM_d5eda9_00039,2026-05-30T10:37:09Z,1888.19
STORE_BLR_002,TXN_SIM_d5eda9_00040,2026-05-30T10:40:34Z,1423.66
STORE_BLR_002,TXN_SIM_d5eda9_00041,2026-05-30T10:48:34Z,3209.32
STORE_BLR_002,TXN_SIM_d5eda9_00042,2026-05-30T11:02:55Z,1348.94
STORE_BLR_002,TXN_SIM_d5eda9_00043,2026-05-30T11:05:20Z,3871.9
STORE_BLR_002,TXN_SIM_d5eda9_00044,2026-05-30T11:14:31Z,3697.97
STORE_BLR_002,TXN_SIM_d5eda9_00045,2026-05-30T11:21:39Z,2700.93
STORE_BLR_002,TXN_SIM_d5eda9_00046,2026-05-30T11:24:20Z,1341.42
STORE_BLR_002,TXN_SIM_d5eda9_00047,2026-05-30T11:28:06Z,228.8
STORE_BLR_002,TXN_SIM_d5eda9_00048,2026-05-30T11:36:30Z,2108.07
STORE_BLR_002,TXN_SIM_d5eda9_00049,2026-05-30T11:46:53Z,4863.7
STORE_BLR_002,TXN_SIM_d5eda9_00050,2026-05-30T12:05:14Z,1643.2
STORE_BLR_002,TXN_SIM_d5eda9_00051,2026-05-30T12:10:35Z,4939.74
STORE_BLR_002,TXN_SIM_d5eda9_00052,2026-05-30T12:18:05Z,4443.27
STORE_BLR_002,TXN_SIM_d5eda9_00053,2026-05-30T12:41:09Z,3008.08
STORE_BLR_002,TXN_SIM_d5eda9_00054,2026-05-30T12:48:09Z,3254.33
STORE_BLR_002,TXN_SIM_d5eda9_00055,2026-05-30T12:50:09Z,3598.49
STORE_BLR_002,TXN_SIM_d5eda9_00056,2026-05-30T12:57:56Z,4597.96
STORE_BLR_002,TXN_SIM_d5eda9_00057,2026-05-30T13:02:50Z,3160.01
STORE_BLR_002,TXN_SIM_d5eda9_00058,2026-05-30T13:07:40Z,271.16
STORE_BLR_002,TXN_SIM_d5eda9_00059,2026-05-30T13:22:39Z,1636.1
STORE_BLR_002,TXN_SIM_d5eda9_00060,2026-05-30T13:29:56Z,571.62
STORE_BLR_002,TXN_SIM_d5eda9_00061,2026-05-30T13:54:58Z,3985.5
STORE_BLR_002,TXN_SIM_d5eda9_00062,2026-05-30T14:01:58Z,1395.83
STORE_BLR_002,TXN_SIM_b75cde_00001,2026-05-30T04:35:05Z,616.66
STORE_BLR_002,TXN_SIM_b75cde_00002,2026-05-30T04:41:46Z,1645.3
STORE_BLR_002,TXN_SIM_b75cde_00003,2026-05-30T04:49:58Z,1395.31
STORE_BLR_002,TXN_SIM_b75cde_00004,2026-05-30T04:56:03Z,3835.0
STORE_BLR_002,TXN_SIM_b75cde_00005,2026-05-30T05:03:28Z,3468.72
STORE_BLR_002,TXN_SIM_b75cde_00006,2026-05-30T05:20:43Z,2872.57
STORE_BLR_002,TXN_SIM_b75cde_00007,2026-05-30T05:25:21Z,2525.35
STORE_BLR_002,TXN_SIM_b75cde_00008,2026-05-30T05:33:03Z,2858.25
STORE_BLR_002,TXN_SIM_b75cde_00009,2026-05-30T05:39:53Z,3778.54
STORE_BLR_002,TXN_SIM_b75cde_00010,2026-05-30T05:49:49Z,1421.04
STORE_BLR_002,TXN_SIM_b75cde_00011,2026-05-30T05:56:05Z,4571.22
STORE_BLR_002,TXN_SIM_b75cde_00012,2026-05-30T06:13:32Z,3580.7
STORE_BLR_002,TXN_SIM_b75cde_00013,2026-05-30T06:21:43Z,465.3
STORE_BLR_002,TXN_SIM_b75cde_00014,2026-05-30T06:29:59Z,1228.41
STORE_BLR_002,TXN_SIM_b75cde_00015,2026-05-30T06:38:25Z,4259.71
STORE_BLR_002,TXN_SIM_b75cde_00016,2026-05-30T06:42:46Z,3379.64
STORE_BLR_002,TXN_SIM_b75cde_00017,2026-05-30T06:46:47Z,405.17
STORE_BLR_002,TXN_SIM_b75cde_00018,2026-05-30T06:52:15Z,4813.55
STORE_BLR_002,TXN_SIM_b75cde_00019,2026-05-30T07:07:58Z,4180.16
STORE_BLR_002,TXN_SIM_b75cde_00020,2026-05-30T07:08:32Z,3736.61
STORE_BLR_002,TXN_SIM_b75cde_00021,2026-05-30T07:10:47Z,1270.35
STORE_BLR_002,TXN_SIM_b75cde_00022,2026-05-30T07:16:57Z,3284.82
STORE_BLR_002,TXN_SIM_b75cde_00023,2026-05-30T07:20:51Z,1563.74
STORE_BLR_002,TXN_SIM_b75cde_00024,2026-05-30T07:55:42Z,2004.41
STORE_BLR_002,TXN_SIM_b75cde_00025,2026-05-30T08:24:50Z,2025.78
STORE_BLR_002,TXN_SIM_b75cde_00026,2026-05-30T08:29:22Z,1113.13
STORE_BLR_002,TXN_SIM_b75cde_00027,2026-05-30T08:35:06Z,2844.92
STORE_BLR_002,TXN_SIM_b75cde_00028,2026-05-30T08:41:22Z,1926.49
STORE_BLR_002,TXN_SIM_b75cde_00029,2026-05-30T08:45:43Z,1149.73
STORE_BLR_002,TXN_SIM_b75cde_00030,2026-05-30T08:52:10Z,1831.53
STORE_BLR_002,TXN_SIM_b75cde_00031,2026-05-30T09:10:12Z,4225.74
STORE_BLR_002,TXN_SIM_b75cde_00032,2026-05-30T09:26:17Z,2236.43
STORE_BLR_002,TXN_SIM_b75cde_00033,2026-05-30T09:29:02Z,1223.54
STORE_BLR_002,TXN_SIM_b75cde_00034,2026-05-30T10:03:03Z,4790.4
STORE_BLR_002,TXN_SIM_b75cde_00035,2026-05-30T10:08:03Z,1745.58
STORE_BLR_002,TXN_SIM_b75cde_00036,2026-05-30T10:19:14Z,937.97
STORE_BLR_002,TXN_SIM_b75cde_00037,2026-05-30T10:28:33Z,2016.62
STORE_BLR_002,TXN_SIM_b75cde_00038,2026-05-30T10:45:52Z,2215.17
STORE_BLR_002,TXN_SIM_b75cde_00039,2026-05-30T10:54:16Z,2852.5
STORE_BLR_002,TXN_SIM_b75cde_00040,2026-05-30T11:07:28Z,3632.55
STORE_BLR_002,TXN_SIM_b75cde_00041,2026-05-30T11:13:08Z,3816.06
STORE_BLR_002,TXN_SIM_b75cde_00042,2026-05-30T11:17:11Z,3878.85
STORE_BLR_002,TXN_SIM_b75cde_00043,2026-05-30T11:24:21Z,3407.5
STORE_BLR_002,TXN_SIM_b75cde_00044,2026-05-30T11:38:10Z,1275.21
STORE_BLR_002,TXN_SIM_b75cde_00045,2026-05-30T11:51:12Z,3486.0
STORE_BLR_002,TXN_SIM_b75cde_00046,2026-05-30T12:11:42Z,1634.71
STORE_BLR_002,TXN_SIM_b75cde_00047,2026-05-30T12:22:47Z,3577.18
STORE_BLR_002,TXN_SIM_b75cde_00048,2026-05-30T12:40:51Z,424.6
STORE_BLR_002,TXN_SIM_b75cde_00049,2026-05-30T13:03:41Z,3074.19
STORE_BLR_002,TXN_SIM_b75cde_00050,2026-05-30T13:09:20Z,1764.77
STORE_BLR_002,TXN_SIM_b75cde_00051,2026-05-30T13:14:35Z,2076.49
STORE_BLR_002,TXN_SIM_b75cde_00052,2026-05-30T13:16:43Z,3702.23
STORE_BLR_002,TXN_SIM_4b697b_00001,2026-05-30T04:34:45Z,985.72
STORE_BLR_002,TXN_SIM_4b697b_00002,2026-05-30T04:42:36Z,683.5
STORE_BLR_002,TXN_SIM_4b697b_00003,2026-05-30T04:50:45Z,1385.58
STORE_BLR_002,TXN_SIM_4b697b_00004,2026-05-30T04:58:43Z,3939.21
STORE_BLR_002,TXN_SIM_4b697b_00005,2026-05-30T05:19:12Z,785.14
STORE_BLR_002,TXN_SIM_4b697b_00006,2026-05-30T05:24:54Z,2125.55
STORE_BLR_002,TXN_SIM_4b697b_00007,2026-05-30T05:30:40Z,1934.47
STORE_BLR_002,TXN_SIM_4b697b_00008,2026-05-30T05:45:30Z,945.92
STORE_BLR_002,TXN_SIM_4b697b_00009,2026-05-30T05:52:55Z,4675.19
STORE_BLR_002,TXN_SIM_4b697b_00010,2026-05-30T06:14:59Z,4867.92
STORE_BLR_002,TXN_SIM_4b697b_00011,2026-05-30T06:49:50Z,2334.55
STORE_BLR_002,TXN_SIM_4b697b_00012,2026-05-30T07:00:56Z,1285.08
STORE_BLR_002,TXN_SIM_4b697b_00013,2026-05-30T07:02:59Z,2187.8
STORE_BLR_002,TXN_SIM_4b697b_00014,2026-05-30T07:11:21Z,3698.59
STORE_BLR_002,TXN_SIM_4b697b_00015,2026-05-30T07:24:24Z,4331.39
STORE_BLR_002,TXN_SIM_4b697b_00016,2026-05-30T07:29:07Z,2823.28
STORE_BLR_002,TXN_SIM_4b697b_00017,2026-05-30T07:42:49Z,2296.14
STORE_BLR_002,TXN_SIM_4b697b_00018,2026-05-30T07:54:07Z,1009.07
STORE_BLR_002,TXN_SIM_4b697b_00019,2026-05-30T08:06:59Z,740.61
STORE_BLR_002,TXN_SIM_4b697b_00020,2026-05-30T08:14:16Z,2031.8
STORE_BLR_002,TXN_SIM_4b697b_00021,2026-05-30T08:22:52Z,700.25
STORE_BLR_002,TXN_SIM_4b697b_00022,2026-05-30T08:29:15Z,1843.06
STORE_BLR_002,TXN_SIM_4b697b_00023,2026-05-30T08:47:37Z,4497.94
STORE_BLR_002,TXN_SIM_4b697b_00024,2026-05-30T08:52:42Z,3751.73
STORE_BLR_002,TXN_SIM_4b697b_00025,2026-05-30T08:57:30Z,1329.28
STORE_BLR_002,TXN_SIM_4b697b_00026,2026-05-30T09:06:21Z,1174.7
STORE_BLR_002,TXN_SIM_4b697b_00027,2026-05-30T09:10:26Z,3972.09
STORE_BLR_002,TXN_SIM_4b697b_00028,2026-05-30T09:14:26Z,4041.29
STORE_BLR_002,TXN_SIM_4b697b_00029,2026-05-30T09:28:32Z,1127.98
STORE_BLR_002,TXN_SIM_4b697b_00030,2026-05-30T09:45:56Z,1079.16
STORE_BLR_002,TXN_SIM_4b697b_00031,2026-05-30T10:17:01Z,420.37
STORE_BLR_002,TXN_SIM_4b697b_00032,2026-05-30T10:24:45Z,3871.99
STORE_BLR_002,TXN_SIM_4b697b_00033,2026-05-30T10:28:49Z,1642.04
STORE_BLR_002,TXN_SIM_4b697b_00034,2026-05-30T10:45:34Z,1293.33
STORE_BLR_002,TXN_SIM_4b697b_00035,2026-05-30T10:47:45Z,2472.22
STORE_BLR_002,TXN_SIM_4b697b_00036,2026-05-30T10:49:36Z,4274.08
STORE_BLR_002,TXN_SIM_4b697b_00037,2026-05-30T11:07:17Z,4215.94
STORE_BLR_002,TXN_SIM_4b697b_00038,2026-05-30T11:27:33Z,777.75
STORE_BLR_002,TXN_SIM_4b697b_00039,2026-05-30T11:49:03Z,2672.5
STORE_BLR_002,TXN_SIM_4b697b_00040,2026-05-30T11:57:01Z,2562.13
STORE_BLR_002,TXN_SIM_4b697b_00041,2026-05-30T12:00:18Z,2824.38
STORE_BLR_002,TXN_SIM_4b697b_00042,2026-05-30T12:13:14Z,3622.1
STORE_BLR_002,TXN_SIM_4b697b_00043,2026-05-30T12:26:58Z,4588.62
STORE_BLR_002,TXN_SIM_4b697b_00044,2026-05-30T12:44:02Z,3402.79
STORE_BLR_002,TXN_SIM_4b697b_00045,2026-05-30T13:07:10Z,2216.38
STORE_BLR_002,TXN_SIM_4b697b_00046,2026-05-30T13:21:00Z,2615.44
STORE_BLR_002,TXN_SIM_4b697b_00047,2026-05-30T13:28:16Z,3419.22
STORE_BLR_002,TXN_SIM_4b697b_00048,2026-05-30T13:32:56Z,1132.67
STORE_BLR_002,TXN_SIM_4b697b_00049,2026-05-30T13:38:23Z,2976.84
STORE_BLR_002,TXN_SIM_4b697b_00050,2026-05-30T13:50:22Z,3153.02
STORE_BLR_002,TXN_SIM_4b697b_00051,2026-05-30T13:59:37Z,4579.65
STORE_BLR_002,TXN_SIM_1d81be_00001,2026-05-30T04:42:00Z,3387.03
STORE_BLR_002,TXN_SIM_1d81be_00002,2026-05-30T04:55:15Z,833.98
STORE_BLR_002,TXN_SIM_1d81be_00003,2026-05-30T05:03:58Z,3829.61
STORE_BLR_002,TXN_SIM_1d81be_00004,2026-05-30T05:05:40Z,4459.9
STORE_BLR_002,TXN_SIM_1d81be_00005,2026-05-30T05:14:40Z,1175.81
STORE_BLR_002,TXN_SIM_1d81be_00006,2026-05-30T05:20:54Z,1130.33
STORE_BLR_002,TXN_SIM_1d81be_00007,2026-05-30T05:22:44Z,3378.18
STORE_BLR_002,TXN_SIM_1d81be_00008,2026-05-30T05:29:25Z,278.93
STORE_BLR_002,TXN_SIM_1d81be_00009,2026-05-30T05:40:34Z,674.47
STORE_BLR_002,TXN_SIM_1d81be_00010,2026-05-30T05:48:34Z,3748.07
STORE_BLR_002,TXN_SIM_1d81be_00011,2026-05-30T05:54:39Z,2223.65
STORE_BLR_002,TXN_SIM_1d81be_00012,2026-05-30T06:01:01Z,260.43
STORE_BLR_002,TXN_SIM_1d81be_00013,2026-05-30T06:10:17Z,340.27
STORE_BLR_002,TXN_SIM_1d81be_00014,2026-05-30T06:20:49Z,3135.04
STORE_BLR_002,TXN_SIM_1d81be_00015,2026-05-30T06:24:08Z,549.85
STORE_BLR_002,TXN_SIM_1d81be_00016,2026-05-30T06:31:29Z,2501.7
STORE_BLR_002,TXN_SIM_1d81be_00017,2026-05-30T06:35:22Z,1892.13
STORE_BLR_002,TXN_SIM_1d81be_00018,2026-05-30T06:44:12Z,3656.31
STORE_BLR_002,TXN_SIM_1d81be_00019,2026-05-30T06:51:40Z,4193.36
STORE_BLR_002,TXN_SIM_1d81be_00020,2026-05-30T06:55:15Z,916.15
STORE_BLR_002,TXN_SIM_1d81be_00021,2026-05-30T06:56:04Z,3609.69
STORE_BLR_002,TXN_SIM_1d81be_00022,2026-05-30T06:59:46Z,3783.41
STORE_BLR_002,TXN_SIM_1d81be_00023,2026-05-30T07:19:52Z,4736.34
STORE_BLR_002,TXN_SIM_1d81be_00024,2026-05-30T07:24:22Z,2881.62
STORE_BLR_002,TXN_SIM_1d81be_00025,2026-05-30T07:33:13Z,4181.74
STORE_BLR_002,TXN_SIM_1d81be_00026,2026-05-30T07:39:11Z,567.24
STORE_BLR_002,TXN_SIM_1d81be_00027,2026-05-30T07:47:34Z,4437.44
STORE_BLR_002,TXN_SIM_1d81be_00028,2026-05-30T07:54:58Z,1803.42
STORE_BLR_002,TXN_SIM_1d81be_00029,2026-05-30T08:07:39Z,3100.42
STORE_BLR_002,TXN_SIM_1d81be_00030,2026-05-30T08:15:55Z,871.8
STORE_BLR_002,TXN_SIM_1d81be_00031,2026-05-30T08:26:23Z,4387.63
STORE_BLR_002,TXN_SIM_1d81be_00032,2026-05-30T08:33:47Z,3404.55
STORE_BLR_002,TXN_SIM_1d81be_00033,2026-05-30T08:37:12Z,2125.1
STORE_BLR_002,TXN_SIM_1d81be_00034,2026-05-30T08:53:40Z,484.86
STORE_BLR_002,TXN_SIM_1d81be_00035,2026-05-30T08:58:26Z,2517.77
STORE_BLR_002,TXN_SIM_1d81be_00036,2026-05-30T09:03:17Z,1490.37
STORE_BLR_002,TXN_SIM_1d81be_00037,2026-05-30T09:22:30Z,471.22
STORE_BLR_002,TXN_SIM_1d81be_00038,2026-05-30T09:43:46Z,1139.79
STORE_BLR_002,TXN_SIM_1d81be_00039,2026-05-30T10:05:00Z,562.54
STORE_BLR_002,TXN_SIM_1d81be_00040,2026-05-30T10:09:39Z,4837.09
STORE_BLR_002,TXN_SIM_1d81be_00041,2026-05-30T10:17:03Z,3899.84
STORE_BLR_002,TXN_SIM_1d81be_00042,2026-05-30T10:27:36Z,2963.43
STORE_BLR_002,TXN_SIM_1d81be_00043,2026-05-30T10:31:56Z,1828.94
STORE_BLR_002,TXN_SIM_1d81be_00044,2026-05-30T10:45:00Z,2719.3
STORE_BLR_002,TXN_SIM_1d81be_00045,2026-05-30T10:59:56Z,3797.95
STORE_BLR_002,TXN_SIM_1d81be_00046,2026-05-30T11:29:12Z,1427.52
STORE_BLR_002,TXN_SIM_1d81be_00047,2026-05-30T11:34:20Z,3699.85
STORE_BLR_002,TXN_SIM_1d81be_00048,2026-05-30T11:44:41Z,2361.68
STORE_BLR_002,TXN_SIM_1d81be_00049,2026-05-30T11:53:13Z,1978.9
STORE_BLR_002,TXN_SIM_1d81be_00050,2026-05-30T12:05:28Z,2004.35
STORE_BLR_002,TXN_SIM_1d81be_00051,2026-05-30T12:19:39Z,3337.1
STORE_BLR_002,TXN_SIM_1d81be_00052,2026-05-30T12:34:30Z,4436.06
STORE_BLR_002,TXN_SIM_1d81be_00053,2026-05-30T12:39:35Z,3062.84
STORE_BLR_002,TXN_SIM_1d81be_00054,2026-05-30T12:48:56Z,2333.09
STORE_BLR_002,TXN_SIM_1d81be_00055,2026-05-30T12:56:34Z,1367.11
STORE_BLR_002,TXN_SIM_1d81be_00056,2026-05-30T13:01:15Z,4334.82
STORE_BLR_002,TXN_SIM_1d81be_00057,2026-05-30T13:09:57Z,861.48
STORE_BLR_002,TXN_SIM_55f603_00001,2026-05-30T04:37:43Z,4426.85
STORE_BLR_002,TXN_SIM_55f603_00002,2026-05-30T04:37:47Z,2592.53
STORE_BLR_002,TXN_SIM_55f603_00003,2026-05-30T04:43:40Z,2887.96
STORE_BLR_002,TXN_SIM_55f603_00004,2026-05-30T05:05:59Z,4281.21
STORE_BLR_002,TXN_SIM_55f603_00005,2026-05-30T05:10:03Z,1562.34
STORE_BLR_002,TXN_SIM_55f603_00006,2026-05-30T05:30:20Z,1971.91
STORE_BLR_002,TXN_SIM_55f603_00007,2026-05-30T05:41:49Z,1716.02
STORE_BLR_002,TXN_SIM_55f603_00008,2026-05-30T06:11:18Z,3379.47
STORE_BLR_002,TXN_SIM_55f603_00009,2026-05-30T06:27:16Z,1647.6
STORE_BLR_002,TXN_SIM_55f603_00010,2026-05-30T06:30:48Z,2061.95
STORE_BLR_002,TXN_SIM_55f603_00011,2026-05-30T06:48:56Z,4633.33
STORE_BLR_002,TXN_SIM_55f603_00012,2026-05-30T06:58:50Z,830.19
STORE_BLR_002,TXN_SIM_55f603_00013,2026-05-30T07:07:34Z,4386.48
STORE_BLR_002,TXN_SIM_55f603_00014,2026-05-30T07:42:21Z,4219.05
STORE_BLR_002,TXN_SIM_55f603_00015,2026-05-30T07:48:13Z,4158.94
STORE_BLR_002,TXN_SIM_55f603_00016,2026-05-30T07:52:11Z,1607.81
STORE_BLR_002,TXN_SIM_55f603_00017,2026-05-30T08:07:58Z,4116.22
STORE_BLR_002,TXN_SIM_55f603_00018,2026-05-30T08:10:32Z,207.19
STORE_BLR_002,TXN_SIM_55f603_00019,2026-05-30T08:16:31Z,2006.08
STORE_BLR_002,TXN_SIM_55f603_00020,2026-05-30T08:29:07Z,488.6
STORE_BLR_002,TXN_SIM_55f603_00021,2026-05-30T08:34:44Z,2344.3
STORE_BLR_002,TXN_SIM_55f603_00022,2026-05-30T09:01:29Z,2984.42
STORE_BLR_002,TXN_SIM_55f603_00023,2026-05-30T09:10:01Z,1682.3
STORE_BLR_002,TXN_SIM_55f603_00024,2026-05-30T09:15:27Z,2597.05
STORE_BLR_002,TXN_SIM_55f603_00025,2026-05-30T09:16:35Z,2874.19
STORE_BLR_002,TXN_SIM_55f603_00026,2026-05-30T09:23:20Z,2086.87
STORE_BLR_002,TXN_SIM_55f603_00027,2026-05-30T09:36:42Z,3166.81
STORE_BLR_002,TXN_SIM_55f603_00028,2026-05-30T09:43:46Z,4489.53
STORE_BLR_002,TXN_SIM_55f603_00029,2026-05-30T09:50:28Z,3583.91
STORE_BLR_002,TXN_SIM_55f603_00030,2026-05-30T09:56:29Z,722.63
STORE_BLR_002,TXN_SIM_55f603_00031,2026-05-30T10:05:37Z,4071.67
STORE_BLR_002,TXN_SIM_55f603_00032,2026-05-30T10:28:06Z,1950.16
STORE_BLR_002,TXN_SIM_55f603_00033,2026-05-30T10:34:14Z,4115.46
STORE_BLR_002,TXN_SIM_55f603_00034,2026-05-30T10:42:10Z,1062.55
STORE_BLR_002,TXN_SIM_55f603_00035,2026-05-30T10:52:32Z,4894.41
STORE_BLR_002,TXN_SIM_55f603_00036,2026-05-30T11:08:09Z,4587.27
STORE_BLR_002,TXN_SIM_55f603_00037,2026-05-30T11:11:55Z,3759.13
STORE_BLR_002,TXN_SIM_55f603_00038,2026-05-30T11:30:54Z,559.79
STORE_BLR_002,TXN_SIM_55f603_00039,2026-05-30T11:39:17Z,879.22
STORE_BLR_002,TXN_SIM_55f603_00040,2026-05-30T11:51:57Z,555.78
STORE_BLR_002,TXN_SIM_55f603_00041,2026-05-30T12:10:32Z,3462.37
STORE_BLR_002,TXN_SIM_55f603_00042,2026-05-30T12:22:43Z,3906.68
STORE_BLR_002,TXN_SIM_55f603_00043,2026-05-30T12:33:18Z,1457.45
STORE_BLR_002,TXN_SIM_55f603_00044,2026-05-30T12:42:14Z,3767.27
STORE_BLR_002,TXN_SIM_55f603_00045,2026-05-30T12:53:25Z,2594.37
STORE_BLR_002,TXN_SIM_55f603_00046,2026-05-30T12:56:41Z,4584.44
STORE_BLR_002,TXN_SIM_55f603_00047,2026-05-30T13:10:49Z,2770.7
STORE_BLR_002,TXN_SIM_55f603_00048,2026-05-30T13:18:41Z,400.39
STORE_BLR_002,TXN_SIM_55f603_00049,2026-05-30T13:29:22Z,1022.85
STORE_BLR_002,TXN_SIM_55f603_00050,2026-05-30T13:32:57Z,2492.75
STORE_BLR_002,TXN_SIM_70d672_00001,2026-05-30T04:35:50Z,3124.86
STORE_BLR_002,TXN_SIM_70d672_00002,2026-05-30T04:44:55Z,2787.71
STORE_BLR_002,TXN_SIM_70d672_00003,2026-05-30T05:02:26Z,1235.84
STORE_BLR_002,TXN_SIM_70d672_00004,2026-05-30T05:11:35Z,1052.23
STORE_BLR_002,TXN_SIM_70d672_00005,2026-05-30T05:13:53Z,2951.3
STORE_BLR_002,TXN_SIM_70d672_00006,2026-05-30T05:40:09Z,3905.26
STORE_BLR_002,TXN_SIM_70d672_00007,2026-05-30T05:45:25Z,387.16
STORE_BLR_002,TXN_SIM_70d672_00008,2026-05-30T06:23:13Z,1228.84
STORE_BLR_002,TXN_SIM_70d672_00009,2026-05-30T06:31:20Z,1299.36
STORE_BLR_002,TXN_SIM_70d672_00010,2026-05-30T06:36:35Z,3777.56
STORE_BLR_002,TXN_SIM_70d672_00011,2026-05-30T06:42:39Z,3931.67
STORE_BLR_002,TXN_SIM_70d672_00012,2026-05-30T06:47:30Z,2620.74
STORE_BLR_002,TXN_SIM_70d672_00013,2026-05-30T07:03:50Z,403.02
STORE_BLR_002,TXN_SIM_70d672_00014,2026-05-30T07:08:08Z,2089.57
STORE_BLR_002,TXN_SIM_70d672_00015,2026-05-30T07:17:16Z,2701.13
STORE_BLR_002,TXN_SIM_70d672_00016,2026-05-30T07:24:08Z,4347.71
STORE_BLR_002,TXN_SIM_70d672_00017,2026-05-30T07:33:22Z,4030.99
STORE_BLR_002,TXN_SIM_70d672_00018,2026-05-30T07:40:35Z,2163.59
STORE_BLR_002,TXN_SIM_70d672_00019,2026-05-30T07:47:46Z,2389.45
STORE_BLR_002,TXN_SIM_70d672_00020,2026-05-30T07:56:48Z,248.89
STORE_BLR_002,TXN_SIM_70d672_00021,2026-05-30T08:01:32Z,1919.97
STORE_BLR_002,TXN_SIM_70d672_00022,2026-05-30T08:08:54Z,3604.48
STORE_BLR_002,TXN_SIM_70d672_00023,2026-05-30T08:17:29Z,3356.87
STORE_BLR_002,TXN_SIM_70d672_00024,2026-05-30T08:29:04Z,2064.51
STORE_BLR_002,TXN_SIM_70d672_00025,2026-05-30T08:41:25Z,4367.6
STORE_BLR_002,TXN_SIM_70d672_00026,2026-05-30T08:49:54Z,824.41
STORE_BLR_002,TXN_SIM_70d672_00027,2026-05-30T08:54:30Z,227.01
STORE_BLR_002,TXN_SIM_70d672_00028,2026-05-30T08:59:52Z,711.98
STORE_BLR_002,TXN_SIM_70d672_00029,2026-05-30T09:02:10Z,4634.98
STORE_BLR_002,TXN_SIM_70d672_00030,2026-05-30T09:19:11Z,2606.16
STORE_BLR_002,TXN_SIM_70d672_00031,2026-05-30T09:19:34Z,1093.12
STORE_BLR_002,TXN_SIM_70d672_00032,2026-05-30T09:31:26Z,4257.99
STORE_BLR_002,TXN_SIM_70d672_00033,2026-05-30T09:50:34Z,1843.05
STORE_BLR_002,TXN_SIM_70d672_00034,2026-05-30T10:00:31Z,3833.39
STORE_BLR_002,TXN_SIM_70d672_00035,2026-05-30T10:13:52Z,4204.27
STORE_BLR_002,TXN_SIM_70d672_00036,2026-05-30T10:37:14Z,1669.54
STORE_BLR_002,TXN_SIM_70d672_00037,2026-05-30T10:47:50Z,1542.35
STORE_BLR_002,TXN_SIM_70d672_00038,2026-05-30T11:12:03Z,1090.65
STORE_BLR_002,TXN_SIM_70d672_00039,2026-05-30T11:15:25Z,2971.64
STORE_BLR_002,TXN_SIM_70d672_00040,2026-05-30T11:29:58Z,805.08
STORE_BLR_002,TXN_SIM_70d672_00041,2026-05-30T11:33:56Z,2678.24
STORE_BLR_002,TXN_SIM_70d672_00042,2026-05-30T11:58:42Z,1094.92
STORE_BLR_002,TXN_SIM_70d672_00043,2026-05-30T12:13:07Z,2738.55
STORE_BLR_002,TXN_SIM_70d672_00044,2026-05-30T12:21:44Z,1343.77
STORE_BLR_002,TXN_SIM_70d672_00045,2026-05-30T12:36:26Z,1471.62
STORE_BLR_002,TXN_SIM_70d672_00046,2026-05-30T12:41:24Z,1418.2
STORE_BLR_002,TXN_SIM_70d672_00047,2026-05-30T12:49:43Z,4653.65
STORE_BLR_002,TXN_SIM_70d672_00048,2026-05-30T13:18:34Z,665.39
STORE_BLR_002,TXN_SIM_70d672_00049,2026-05-30T13:38:16Z,3989.63
STORE_BLR_002,TXN_SIM_70d672_00050,2026-05-30T13:41:36Z,1758.2
STORE_BLR_002,TXN_SIM_70d672_00051,2026-05-30T13:44:16Z,4124.54
STORE_BLR_002,TXN_SIM_70d672_00052,2026-05-30T13:53:52Z,2281.2
STORE_BLR_002,TXN_SIM_70d672_00053,2026-05-30T14:06:10Z,4367.15
STORE_BLR_002,TXN_SIM_70d672_00054,2026-05-30T14:10:41Z,835.12
STORE_BLR_002,TXN_SIM_09646e_00001,2026-05-30T04:37:54Z,1667.48
STORE_BLR_002,TXN_SIM_09646e_00002,2026-05-30T04:42:53Z,4645.12
STORE_BLR_002,TXN_SIM_09646e_00003,2026-05-30T04:46:19Z,3493.53
STORE_BLR_002,TXN_SIM_09646e_00004,2026-05-30T04:52:29Z,4961.43
STORE_BLR_002,TXN_SIM_09646e_00005,2026-05-30T05:03:50Z,1562.09
STORE_BLR_002,TXN_SIM_09646e_00006,2026-05-30T05:20:38Z,788.83
STORE_BLR_002,TXN_SIM_09646e_00007,2026-05-30T05:34:20Z,409.28
STORE_BLR_002,TXN_SIM_09646e_00008,2026-05-30T05:36:51Z,1562.26
STORE_BLR_002,TXN_SIM_09646e_00009,2026-05-30T05:47:37Z,355.32
STORE_BLR_002,TXN_SIM_09646e_00010,2026-05-30T06:17:20Z,3686.83
STORE_BLR_002,TXN_SIM_09646e_00011,2026-05-30T06:27:19Z,1794.79
STORE_BLR_002,TXN_SIM_09646e_00012,2026-05-30T06:29:30Z,414.09
STORE_BLR_002,TXN_SIM_09646e_00013,2026-05-30T06:33:28Z,1689.71
STORE_BLR_002,TXN_SIM_09646e_00014,2026-05-30T06:49:16Z,3993.84
STORE_BLR_002,TXN_SIM_09646e_00015,2026-05-30T06:55:15Z,2398.88
STORE_BLR_002,TXN_SIM_09646e_00016,2026-05-30T07:22:12Z,325.89
STORE_BLR_002,TXN_SIM_09646e_00017,2026-05-30T07:30:46Z,2399.11
STORE_BLR_002,TXN_SIM_09646e_00018,2026-05-30T07:36:10Z,1115.74
STORE_BLR_002,TXN_SIM_09646e_00019,2026-05-30T07:39:46Z,3810.21
STORE_BLR_002,TXN_SIM_09646e_00020,2026-05-30T07:53:03Z,399.45
STORE_BLR_002,TXN_SIM_09646e_00021,2026-05-30T08:04:03Z,4818.26
STORE_BLR_002,TXN_SIM_09646e_00022,2026-05-30T08:21:26Z,1023.35
STORE_BLR_002,TXN_SIM_09646e_00023,2026-05-30T08:45:24Z,849.18
STORE_BLR_002,TXN_SIM_09646e_00024,2026-05-30T08:51:09Z,2053.21
STORE_BLR_002,TXN_SIM_09646e_00025,2026-05-30T08:59:37Z,694.78
STORE_BLR_002,TXN_SIM_09646e_00026,2026-05-30T09:05:19Z,3522.3
STORE_BLR_002,TXN_SIM_09646e_00027,2026-05-30T09:19:35Z,1924.77
STORE_BLR_002,TXN_SIM_09646e_00028,2026-05-30T09:36:01Z,3251.69
STORE_BLR_002,TXN_SIM_09646e_00029,2026-05-30T09:42:04Z,3840.2
STORE_BLR_002,TXN_SIM_09646e_00030,2026-05-30T09:47:41Z,3465.26
STORE_BLR_002,TXN_SIM_09646e_00031,2026-05-30T10:03:59Z,633.19
STORE_BLR_002,TXN_SIM_09646e_00032,2026-05-30T10:11:23Z,3779.24
STORE_BLR_002,TXN_SIM_09646e_00033,2026-05-30T10:27:47Z,945.36
STORE_BLR_002,TXN_SIM_09646e_00034,2026-05-30T10:37:02Z,2064.92
STORE_BLR_002,TXN_SIM_09646e_00035,2026-05-30T10:49:03Z,1506.62
STORE_BLR_002,TXN_SIM_09646e_00036,2026-05-30T11:06:12Z,4277.92
STORE_BLR_002,TXN_SIM_09646e_00037,2026-05-30T11:12:06Z,2588.95
STORE_BLR_002,TXN_SIM_09646e_00038,2026-05-30T11:18:20Z,4358.14
STORE_BLR_002,TXN_SIM_09646e_00039,2026-05-30T11:30:26Z,4468.22
STORE_BLR_002,TXN_SIM_09646e_00040,2026-05-30T12:01:43Z,2027.58
STORE_BLR_002,TXN_SIM_09646e_00041,2026-05-30T12:04:27Z,2499.67
STORE_BLR_002,TXN_SIM_09646e_00042,2026-05-30T12:10:10Z,3988.08
STORE_BLR_002,TXN_SIM_09646e_00043,2026-05-30T12:17:33Z,4744.21
STORE_BLR_002,TXN_SIM_09646e_00044,2026-05-30T12:36:44Z,1023.6
STORE_BLR_002,TXN_SIM_09646e_00045,2026-05-30T12:59:14Z,2068.06
STORE_BLR_002,TXN_SIM_09646e_00046,2026-05-30T13:06:39Z,335.01
STORE_BLR_002,TXN_SIM_09646e_00047,2026-05-30T13:18:36Z,3519.05
STORE_BLR_002,TXN_SIM_5a405f_00001,2026-05-30T04:48:23Z,2043.45
STORE_BLR_002,TXN_SIM_5a405f_00002,2026-05-30T04:51:33Z,1706.82
STORE_BLR_002,TXN_SIM_5a405f_00003,2026-05-30T04:55:39Z,1274.93
STORE_BLR_002,TXN_SIM_5a405f_00004,2026-05-30T05:11:35Z,360.92
STORE_BLR_002,TXN_SIM_5a405f_00005,2026-05-30T05:16:12Z,1685.64
STORE_BLR_002,TXN_SIM_5a405f_00006,2026-05-30T05:37:22Z,3584.67
STORE_BLR_002,TXN_SIM_5a405f_00007,2026-05-30T05:53:05Z,1564.58
STORE_BLR_002,TXN_SIM_5a405f_00008,2026-05-30T06:01:36Z,2274.93
STORE_BLR_002,TXN_SIM_5a405f_00009,2026-05-30T06:04:02Z,517.07
STORE_BLR_002,TXN_SIM_5a405f_00010,2026-05-30T06:08:00Z,4372.55
STORE_BLR_002,TXN_SIM_5a405f_00011,2026-05-30T06:19:10Z,571.52
STORE_BLR_002,TXN_SIM_5a405f_00012,2026-05-30T06:27:02Z,3726.33
STORE_BLR_002,TXN_SIM_5a405f_00013,2026-05-30T06:38:29Z,361.92
STORE_BLR_002,TXN_SIM_5a405f_00014,2026-05-30T06:40:17Z,1386.5
STORE_BLR_002,TXN_SIM_5a405f_00015,2026-05-30T06:51:08Z,480.56
STORE_BLR_002,TXN_SIM_5a405f_00016,2026-05-30T07:02:29Z,3320.49
STORE_BLR_002,TXN_SIM_5a405f_00017,2026-05-30T07:15:22Z,2310.02
STORE_BLR_002,TXN_SIM_5a405f_00018,2026-05-30T07:20:25Z,986.82
STORE_BLR_002,TXN_SIM_5a405f_00019,2026-05-30T07:26:12Z,4200.94
STORE_BLR_002,TXN_SIM_5a405f_00020,2026-05-30T07:31:54Z,4318.25
STORE_BLR_002,TXN_SIM_5a405f_00021,2026-05-30T07:42:59Z,1431.83
STORE_BLR_002,TXN_SIM_5a405f_00022,2026-05-30T07:52:56Z,2556.06
STORE_BLR_002,TXN_SIM_5a405f_00023,2026-05-30T07:59:49Z,3607.68
STORE_BLR_002,TXN_SIM_5a405f_00024,2026-05-30T08:08:43Z,2122.55
STORE_BLR_002,TXN_SIM_5a405f_00025,2026-05-30T08:19:31Z,2154.57
STORE_BLR_002,TXN_SIM_5a405f_00026,2026-05-30T08:33:58Z,4826.63
STORE_BLR_002,TXN_SIM_5a405f_00027,2026-05-30T08:34:12Z,3066.19
STORE_BLR_002,TXN_SIM_5a405f_00028,2026-05-30T08:46:53Z,3648.75
STORE_BLR_002,TXN_SIM_5a405f_00029,2026-05-30T08:56:08Z,465.07
STORE_BLR_002,TXN_SIM_5a405f_00030,2026-05-30T09:16:30Z,3148.64
STORE_BLR_002,TXN_SIM_5a405f_00031,2026-05-30T09:28:29Z,2516.69
STORE_BLR_002,TXN_SIM_5a405f_00032,2026-05-30T09:31:36Z,3262.44
STORE_BLR_002,TXN_SIM_5a405f_00033,2026-05-30T09:40:04Z,4967.91
STORE_BLR_002,TXN_SIM_5a405f_00034,2026-05-30T10:06:45Z,4085.63
STORE_BLR_002,TXN_SIM_5a405f_00035,2026-05-30T10:13:30Z,4505.64
STORE_BLR_002,TXN_SIM_5a405f_00036,2026-05-30T10:18:09Z,1289.93
STORE_BLR_002,TXN_SIM_5a405f_00037,2026-05-30T10:28:04Z,1036.51
STORE_BLR_002,TXN_SIM_5a405f_00038,2026-05-30T10:31:45Z,2012.69
STORE_BLR_002,TXN_SIM_5a405f_00039,2026-05-30T10:40:19Z,994.82
STORE_BLR_002,TXN_SIM_5a405f_00040,2026-05-30T11:19:33Z,2649.98
STORE_BLR_002,TXN_SIM_5a405f_00041,2026-05-30T11:26:22Z,3718.26
STORE_BLR_002,TXN_SIM_5a405f_00042,2026-05-30T11:38:32Z,597.56
STORE_BLR_002,TXN_SIM_5a405f_00043,2026-05-30T11:49:28Z,1682.8
STORE_BLR_002,TXN_SIM_5a405f_00044,2026-05-30T11:56:18Z,3893.25
STORE_BLR_002,TXN_SIM_5a405f_00045,2026-05-30T12:12:28Z,2911.79
STORE_BLR_002,TXN_SIM_5a405f_00046,2026-05-30T12:34:12Z,689.06
STORE_BLR_002,TXN_SIM_5a405f_00047,2026-05-30T12:49:08Z,4816.03
STORE_BLR_002,TXN_SIM_5a405f_00048,2026-05-30T12:54:30Z,1545.18
STORE_BLR_002,TXN_SIM_5a405f_00049,2026-05-30T13:01:56Z,1314.86
STORE_BLR_002,TXN_SIM_5a405f_00050,2026-05-30T13:08:10Z,409.11
STORE_BLR_002,TXN_SIM_5a405f_00051,2026-05-30T13:09:40Z,562.33
STORE_BLR_002,TXN_SIM_5a405f_00052,2026-05-30T13:54:04Z,1674.72
STORE_BLR_002,TXN_SIM_5a405f_00053,2026-05-30T13:58:10Z,4847.08
STORE_BLR_002,TXN_SIM_0e53df_00001,2026-05-30T04:36:07Z,3657.31
STORE_BLR_002,TXN_SIM_0e53df_00002,2026-05-30T04:40:30Z,4347.74
STORE_BLR_002,TXN_SIM_0e53df_00003,2026-05-30T05:29:18Z,2848.59
STORE_BLR_002,TXN_SIM_0e53df_00004,2026-05-30T05:34:55Z,3214.94
STORE_BLR_002,TXN_SIM_0e53df_00005,2026-05-30T05:51:37Z,3523.54
STORE_BLR_002,TXN_SIM_0e53df_00006,2026-05-30T06:35:17Z,2641.16
STORE_BLR_002,TXN_SIM_0e53df_00007,2026-05-30T06:41:13Z,496.14
STORE_BLR_002,TXN_SIM_0e53df_00008,2026-05-30T06:46:04Z,3548.19
STORE_BLR_002,TXN_SIM_0e53df_00009,2026-05-30T06:53:11Z,3288.93
STORE_BLR_002,TXN_SIM_0e53df_00010,2026-05-30T07:00:21Z,2683.81
STORE_BLR_002,TXN_SIM_0e53df_00011,2026-05-30T07:40:39Z,2760.65
STORE_BLR_002,TXN_SIM_0e53df_00012,2026-05-30T07:45:06Z,1309.46
STORE_BLR_002,TXN_SIM_0e53df_00013,2026-05-30T07:45:58Z,2147.48
STORE_BLR_002,TXN_SIM_0e53df_00014,2026-05-30T07:54:04Z,1286.6
STORE_BLR_002,TXN_SIM_0e53df_00015,2026-05-30T08:10:19Z,3662.87
STORE_BLR_002,TXN_SIM_0e53df_00016,2026-05-30T08:15:41Z,413.98
STORE_BLR_002,TXN_SIM_0e53df_00017,2026-05-30T08:29:39Z,2703.8
STORE_BLR_002,TXN_SIM_0e53df_00018,2026-05-30T08:33:27Z,4582.74
STORE_BLR_002,TXN_SIM_0e53df_00019,2026-05-30T08:40:00Z,1525.56
STORE_BLR_002,TXN_SIM_0e53df_00020,2026-05-30T08:49:53Z,4972.47
STORE_BLR_002,TXN_SIM_0e53df_00021,2026-05-30T08:52:38Z,1534.73
STORE_BLR_002,TXN_SIM_0e53df_00022,2026-05-30T09:08:42Z,3727.88
STORE_BLR_002,TXN_SIM_0e53df_00023,2026-05-30T09:13:30Z,4052.34
STORE_BLR_002,TXN_SIM_0e53df_00024,2026-05-30T09:26:41Z,4869.56
STORE_BLR_002,TXN_SIM_0e53df_00025,2026-05-30T09:30:38Z,306.61
STORE_BLR_002,TXN_SIM_0e53df_00026,2026-05-30T09:39:15Z,3533.6
STORE_BLR_002,TXN_SIM_0e53df_00027,2026-05-30T09:47:08Z,717.68
STORE_BLR_002,TXN_SIM_0e53df_00028,2026-05-30T09:52:28Z,4780.41
STORE_BLR_002,TXN_SIM_0e53df_00029,2026-05-30T10:00:43Z,3702.15
STORE_BLR_002,TXN_SIM_0e53df_00030,2026-05-30T10:31:56Z,1234.52
STORE_BLR_002,TXN_SIM_0e53df_00031,2026-05-30T10:44:40Z,2185.03
STORE_BLR_002,TXN_SIM_0e53df_00032,2026-05-30T10:49:27Z,1689.71
STORE_BLR_002,TXN_SIM_0e53df_00033,2026-05-30T10:56:49Z,4021.37
STORE_BLR_002,TXN_SIM_0e53df_00034,2026-05-30T11:00:15Z,1952.4
STORE_BLR_002,TXN_SIM_0e53df_00035,2026-05-30T11:02:38Z,2374.11
STORE_BLR_002,TXN_SIM_0e53df_00036,2026-05-30T11:11:22Z,4101.42
STORE_BLR_002,TXN_SIM_0e53df_00037,2026-05-30T11:17:36Z,2467.0
STORE_BLR_002,TXN_SIM_0e53df_00038,2026-05-30T11:38:01Z,4362.49
STORE_BLR_002,TXN_SIM_0e53df_00039,2026-05-30T11:37:20Z,2242.78
STORE_BLR_002,TXN_SIM_0e53df_00040,2026-05-30T11:56:28Z,2163.57
STORE_BLR_002,TXN_SIM_0e53df_00041,2026-05-30T12:12:24Z,428.85
STORE_BLR_002,TXN_SIM_0e53df_00042,2026-05-30T12:30:05Z,1649.13
STORE_BLR_002,TXN_SIM_0e53df_00043,2026-05-30T12:34:36Z,1401.02
STORE_BLR_002,TXN_SIM_0e53df_00044,2026-05-30T12:38:21Z,1794.99
STORE_BLR_002,TXN_SIM_0e53df_00045,2026-05-30T12:45:34Z,2430.5
STORE_BLR_002,TXN_SIM_0e53df_00046,2026-05-30T12:51:21Z,2452.53
STORE_BLR_002,TXN_SIM_0e53df_00047,2026-05-30T12:59:49Z,649.28
STORE_BLR_002,TXN_SIM_0e53df_00048,2026-05-30T13:05:35Z,3514.42
STORE_BLR_002,TXN_SIM_0e53df_00049,2026-05-30T13:20:56Z,304.76
STORE_BLR_002,TXN_SIM_0e53df_00050,2026-05-30T13:29:24Z,3255.02
STORE_BLR_002,TXN_SIM_ac5581_00001,2026-05-30T04:34:30Z,1081.61
STORE_BLR_002,TXN_SIM_ac5581_00002,2026-05-30T04:53:24Z,4901.29
STORE_BLR_002,TXN_SIM_ac5581_00003,2026-05-30T05:03:57Z,3461.59
STORE_BLR_002,TXN_SIM_ac5581_00004,2026-05-30T05:25:28Z,1873.29
STORE_BLR_002,TXN_SIM_ac5581_00005,2026-05-30T05:30:24Z,746.33
STORE_BLR_002,TXN_SIM_ac5581_00006,2026-05-30T06:18:49Z,3550.93
STORE_BLR_002,TXN_SIM_ac5581_00007,2026-05-30T06:22:12Z,2829.03
STORE_BLR_002,TXN_SIM_ac5581_00008,2026-05-30T06:28:24Z,2686.02
STORE_BLR_002,TXN_SIM_ac5581_00009,2026-05-30T06:38:04Z,3224.58
STORE_BLR_002,TXN_SIM_ac5581_00010,2026-05-30T07:03:18Z,4110.44
STORE_BLR_002,TXN_SIM_ac5581_00011,2026-05-30T07:10:14Z,3692.99
STORE_BLR_002,TXN_SIM_ac5581_00012,2026-05-30T07:32:41Z,859.1
STORE_BLR_002,TXN_SIM_ac5581_00013,2026-05-30T07:42:59Z,4242.41
STORE_BLR_002,TXN_SIM_ac5581_00014,2026-05-30T07:47:21Z,3322.75
STORE_BLR_002,TXN_SIM_ac5581_00015,2026-05-30T07:55:23Z,2087.23
STORE_BLR_002,TXN_SIM_ac5581_00016,2026-05-30T08:07:07Z,1996.65
STORE_BLR_002,TXN_SIM_ac5581_00017,2026-05-30T08:25:24Z,3930.01
STORE_BLR_002,TXN_SIM_ac5581_00018,2026-05-30T08:35:39Z,2549.23
STORE_BLR_002,TXN_SIM_ac5581_00019,2026-05-30T08:44:15Z,2370.68
STORE_BLR_002,TXN_SIM_ac5581_00020,2026-05-30T08:48:37Z,537.64
STORE_BLR_002,TXN_SIM_ac5581_00021,2026-05-30T08:51:08Z,2359.05
STORE_BLR_002,TXN_SIM_ac5581_00022,2026-05-30T09:03:31Z,1027.44
STORE_BLR_002,TXN_SIM_ac5581_00023,2026-05-30T09:18:14Z,1732.34
STORE_BLR_002,TXN_SIM_ac5581_00024,2026-05-30T09:44:32Z,3870.35
STORE_BLR_002,TXN_SIM_ac5581_00025,2026-05-30T09:46:04Z,2948.79
STORE_BLR_002,TXN_SIM_ac5581_00026,2026-05-30T09:54:43Z,1676.14
STORE_BLR_002,TXN_SIM_ac5581_00027,2026-05-30T09:56:20Z,665.61
STORE_BLR_002,TXN_SIM_ac5581_00028,2026-05-30T10:07:48Z,488.81
STORE_BLR_002,TXN_SIM_ac5581_00029,2026-05-30T10:16:31Z,3795.21
STORE_BLR_002,TXN_SIM_ac5581_00030,2026-05-30T10:19:23Z,3780.59
STORE_BLR_002,TXN_SIM_ac5581_00031,2026-05-30T10:42:39Z,986.53
STORE_BLR_002,TXN_SIM_ac5581_00032,2026-05-30T10:47:23Z,3270.36
STORE_BLR_002,TXN_SIM_ac5581_00033,2026-05-30T10:51:34Z,2010.7
STORE_BLR_002,TXN_SIM_ac5581_00034,2026-05-30T11:00:09Z,4925.31
STORE_BLR_002,TXN_SIM_ac5581_00035,2026-05-30T11:09:28Z,4206.59
STORE_BLR_002,TXN_SIM_ac5581_00036,2026-05-30T11:14:26Z,2848.67
STORE_BLR_002,TXN_SIM_ac5581_00037,2026-05-30T11:22:57Z,2741.16
STORE_BLR_002,TXN_SIM_ac5581_00038,2026-05-30T11:37:33Z,3053.77
STORE_BLR_002,TXN_SIM_ac5581_00039,2026-05-30T11:40:19Z,4817.93
STORE_BLR_002,TXN_SIM_ac5581_00040,2026-05-30T11:51:13Z,2446.47
STORE_BLR_002,TXN_SIM_ac5581_00041,2026-05-30T12:08:57Z,4632.81
STORE_BLR_002,TXN_SIM_ac5581_00042,2026-05-30T12:10:38Z,3728.46
STORE_BLR_002,TXN_SIM_ac5581_00043,2026-05-30T12:17:42Z,4322.1
STORE_BLR_002,TXN_SIM_ac5581_00044,2026-05-30T12:18:41Z,1974.54
STORE_BLR_002,TXN_SIM_ac5581_00045,2026-05-30T12:22:04Z,3980.34
STORE_BLR_002,TXN_SIM_ac5581_00046,2026-05-30T12:28:14Z,3193.38
STORE_BLR_002,TXN_SIM_ac5581_00047,2026-05-30T12:35:20Z,4769.84
STORE_BLR_002,TXN_SIM_ac5581_00048,2026-05-30T12:40:38Z,4190.65
STORE_BLR_002,TXN_SIM_ac5581_00049,2026-05-30T12:43:03Z,1859.57
STORE_BLR_002,TXN_SIM_ac5581_00050,2026-05-30T13:05:25Z,3074.17
STORE_BLR_002,TXN_SIM_ac5581_00051,2026-05-30T13:12:52Z,4296.41
STORE_BLR_002,TXN_SIM_ac5581_00052,2026-05-30T13:24:23Z,4434.77
STORE_BLR_002,TXN_SIM_ac5581_00053,2026-05-30T13:40:11Z,1770.41
STORE_BLR_002,TXN_SIM_ac5581_00054,2026-05-30T13:46:00Z,460.61
STORE_BLR_002,TXN_SIM_ac5581_00055,2026-05-30T13:48:40Z,3100.77
STORE_BLR_002,TXN_SIM_12df71_00001,2026-05-30T04:40:54Z,600.22
STORE_BLR_002,TXN_SIM_12df71_00002,2026-05-30T04:45:53Z,3570.97
STORE_BLR_002,TXN_SIM_12df71_00003,2026-05-30T04:55:07Z,771.49
STORE_BLR_002,TXN_SIM_12df71_00004,2026-05-30T04:58:34Z,2396.8
STORE_BLR_002,TXN_SIM_12df71_00005,2026-05-30T05:03:19Z,4751.53
STORE_BLR_002,TXN_SIM_12df71_00006,2026-05-30T05:18:40Z,4349.78
STORE_BLR_002,TXN_SIM_12df71_00007,2026-05-30T05:32:19Z,2399.85
STORE_BLR_002,TXN_SIM_12df71_00008,2026-05-30T05:39:59Z,3660.64
STORE_BLR_002,TXN_SIM_12df71_00009,2026-05-30T05:46:45Z,838.37
STORE_BLR_002,TXN_SIM_12df71_00010,2026-05-30T05:57:21Z,2680.34
STORE_BLR_002,TXN_SIM_12df71_00011,2026-05-30T06:07:34Z,3918.32
STORE_BLR_002,TXN_SIM_12df71_00012,2026-05-30T06:24:04Z,3700.43
STORE_BLR_002,TXN_SIM_12df71_00013,2026-05-30T06:28:36Z,4478.11
STORE_BLR_002,TXN_SIM_12df71_00014,2026-05-30T06:37:02Z,2231.1
STORE_BLR_002,TXN_SIM_12df71_00015,2026-05-30T06:53:15Z,3186.07
STORE_BLR_002,TXN_SIM_12df71_00016,2026-05-30T07:01:37Z,1583.7
STORE_BLR_002,TXN_SIM_12df71_00017,2026-05-30T07:16:27Z,3175.61
STORE_BLR_002,TXN_SIM_12df71_00018,2026-05-30T07:22:38Z,3238.35
STORE_BLR_002,TXN_SIM_12df71_00019,2026-05-30T07:23:15Z,2564.62
STORE_BLR_002,TXN_SIM_12df71_00020,2026-05-30T07:31:15Z,2987.31
STORE_BLR_002,TXN_SIM_12df71_00021,2026-05-30T07:43:56Z,2411.81
STORE_BLR_002,TXN_SIM_12df71_00022,2026-05-30T07:53:46Z,1325.39
STORE_BLR_002,TXN_SIM_12df71_00023,2026-05-30T07:59:35Z,820.18
STORE_BLR_002,TXN_SIM_12df71_00024,2026-05-30T08:10:53Z,2351.99
STORE_BLR_002,TXN_SIM_12df71_00025,2026-05-30T08:34:36Z,3833.49
STORE_BLR_002,TXN_SIM_12df71_00026,2026-05-30T08:39:43Z,1691.65
STORE_BLR_002,TXN_SIM_12df71_00027,2026-05-30T08:45:13Z,1925.98
STORE_BLR_002,TXN_SIM_12df71_00028,2026-05-30T08:47:37Z,1097.37
STORE_BLR_002,TXN_SIM_12df71_00029,2026-05-30T09:03:27Z,3781.11
STORE_BLR_002,TXN_SIM_12df71_00030,2026-05-30T09:10:32Z,2635.15
STORE_BLR_002,TXN_SIM_12df71_00031,2026-05-30T09:16:16Z,4936.66
STORE_BLR_002,TXN_SIM_12df71_00032,2026-05-30T09:24:15Z,1550.2
STORE_BLR_002,TXN_SIM_12df71_00033,2026-05-30T09:50:02Z,3652.56
STORE_BLR_002,TXN_SIM_12df71_00034,2026-05-30T09:55:37Z,4189.4
STORE_BLR_002,TXN_SIM_12df71_00035,2026-05-30T10:08:50Z,3584.5
STORE_BLR_002,TXN_SIM_12df71_00036,2026-05-30T10:20:38Z,1010.29
STORE_BLR_002,TXN_SIM_12df71_00037,2026-05-30T10:22:27Z,3698.49
STORE_BLR_002,TXN_SIM_12df71_00038,2026-05-30T10:27:46Z,2455.18
STORE_BLR_002,TXN_SIM_12df71_00039,2026-05-30T10:32:02Z,1795.39
STORE_BLR_002,TXN_SIM_12df71_00040,2026-05-30T10:47:15Z,4145.13
STORE_BLR_002,TXN_SIM_12df71_00041,2026-05-30T10:51:22Z,3167.81
STORE_BLR_002,TXN_SIM_12df71_00042,2026-05-30T11:04:05Z,2274.25
STORE_BLR_002,TXN_SIM_12df71_00043,2026-05-30T11:29:30Z,1489.4
STORE_BLR_002,TXN_SIM_12df71_00044,2026-05-30T11:40:49Z,441.23
STORE_BLR_002,TXN_SIM_12df71_00045,2026-05-30T11:49:34Z,2327.88
STORE_BLR_002,TXN_SIM_12df71_00046,2026-05-30T11:59:10Z,3936.34
STORE_BLR_002,TXN_SIM_12df71_00047,2026-05-30T12:13:43Z,620.33
STORE_BLR_002,TXN_SIM_12df71_00048,2026-05-30T12:18:48Z,474.39
STORE_BLR_002,TXN_SIM_12df71_00049,2026-05-30T12:24:16Z,1703.77
STORE_BLR_002,TXN_SIM_12df71_00050,2026-05-30T12:27:30Z,275.67
STORE_BLR_002,TXN_SIM_12df71_00051,2026-05-30T12:32:46Z,2791.35
STORE_BLR_002,TXN_SIM_12df71_00052,2026-05-30T12:36:30Z,3596.44
STORE_BLR_002,TXN_SIM_12df71_00053,2026-05-30T12:50:43Z,3710.3
STORE_BLR_002,TXN_SIM_12df71_00054,2026-05-30T13:09:55Z,3054.49
STORE_BLR_002,TXN_SIM_12df71_00055,2026-05-30T13:17:32Z,3421.06
STORE_BLR_002,TXN_SIM_12df71_00056,2026-05-30T13:24:52Z,1255.67
